x	y
-0.566094609413824	0.803359081762907
-0.643599188874315	0.987495783506709
-0.313603160352419	0.515171888052671
-0.16308881399748	0.231243626353109
0.193952358772627	0.341368894872278
-0.0190592156275918	0.0271211338153954
-0.0747201801019756	0.0744982027767586
0.0679658763281847	0.076923507644128
-0.223857439717935	0.294468246957106
0.486389133251539	0.948833675031736
-0.0472733249605651	0.052416824256884
-0.575293274675864	1.18294658531469
-0.336675829126725	0.60517795483953
-0.0924277284074908	0.0918914822501207
-0.175171276361723	0.211929690551027
0.425582730125806	0.568543737302581
-0.408509582638108	0.806409274456209
-0.0215849562771259	0.0260677148661674
-0.0340493732670955	0.0472576972309569
0.307574174290415	0.58602695103342
0.285854893778528	0.276220552389593
0.61958947485383	1.39029138919936
-0.134065979753379	0.17641141600596
-0.395730665596178	0.674887882487541
0.215701182946608	0.384241117743407
-0.537618255713712	1.22072561446434
0.545211163640911	0.733963159077466
0.268731986617639	0.316344471253791
0.145198961749541	0.163040307976783
-0.0628032333188117	0.0760284019005816
0.103153393261241	0.162924272819376
0.355364375446454	0.647880440381952
0.029766169487813	0.0264950586569952
-0.568653067869539	0.973655883437893
-0.0759253069273417	0.0920629810542309
0.184684930702026	0.290851632412397
-0.0259213921474686	0.0274217068021637
0.435597449685619	0.421149307189986
-0.395820200082058	0.610044095519719
-0.349662947972797	0.537428254188898
-0.340524622541643	0.57911591301626
0.27056384005357	0.395062446196212
0.54331625875022	0.730765889667574
-0.485254247415605	0.829875728079139
-0.0142491604586411	0.0143143510035466
-0.244321581755746	0.373760477371198
0.0895030697121654	0.134579912581446
0.116014232672483	0.212549873021287
0.0592325492823496	0.0847683531652539
0.243465458461697	0.308750437449956
0.425087643222563	0.61249869400018
0.0920171352658323	0.0881740384156089
0.153326689913405	0.194881428530301
0.0130798688576794	0.0120388991134144
-0.920510353305539	0.958050268579333
-0.479305618481292	0.596473361386511
0.570501655238295	0.681328555457427
-0.333542128769378	0.399828138092122
0.153808105211376	0.177680686172574
-0.678905637574175	0.687522968613078
0.471008205582431	0.714987772629843
-0.231539629103646	0.223338086707861
0.835300120945901	1.39635481050656
0.493717022258931	0.589065489800733
0.693983391975508	0.61148984827665
-0.0445441488421297	0.0329620858864488
0.189530261907321	0.155741324238174
-0.209213111613578	0.264121430684916
-0.0485145089781797	0.0457576393126282
0.515270943972813	0.53700429501422
-0.0184438799282282	0.0163860388372533
0.497330555152363	0.574564163915127
-0.410721517537194	0.608781701153956
0.218113576112674	0.202615786695639
-0.759260258779456	0.759497819596606
-0.265354330447804	0.349993154198709
-0.567551027980184	0.906057389260983
-0.11403819081839	0.138332946433347
-0.229222813596133	0.289566456206605
0.155271488879935	0.138771452278836
0.555992085593667	0.951209767056073
-0.134459917993671	0.140557133224126
0.592574412698289	1.08176866850192
0.154624939094361	0.159402597787803
-0.356068719268149	0.257323380703268
0.0716891845990517	0.0709204490167187
-0.4896319062935	0.668602984410366
-0.228227290679093	0.288025473086202
0.423018029854782	0.637359183738008
0.114757547913908	0.0730244361024632
0.142511537337534	0.141838727074076
-0.422842350178883	0.475984566912245
0.579398130286167	0.889171829315195
0.0521667529662758	0.052964289598499
-0.0461587508839386	0.0341946284632093
0.615299421792454	1.03831824681545
0.210584337850388	0.188300147661563
-0.295218658425021	0.372262195797366
-0.156330483234377	0.153851546237948
0.114395850555978	0.0727757587252527
-0.532898083854595	0.820060468197114
0.129402172571619	0.106467113971594
-0.306431022663458	0.368461499193481
-0.121965491693372	0.104896986477673
0.854667780955436	0.919331552800561
-0.268500517543218	0.382248285006355
-0.385801661488139	0.436580823399032
-0.393684769395232	0.605557193097901
-0.0566180563915309	0.0564958637410715
1.0375546900796	1.5690861888829
0.517648483097563	0.827149786405476
0.54419259922003	0.732390798307386
-1.17813535822186	2.55333698912001
0.685755959650254	0.953229612155586
-0.336178283393641	0.317220422826312
0.337736993079093	0.48997246151988
0.189195293472221	0.220201545691576
0.250142860319758	0.384156922475511
-0.0520834413349821	0.0549748592657624
0.261666218701945	0.298651652261496
-0.201046220293919	0.208169738293502
-0.12297229560849	0.142307335757996
-0.319710403913666	0.402394530855946
-0.099815618252644	0.135495847233314
0.61132397896532	1.22303727510079
-0.414872715767643	0.543162660202471
0.0652827223807501	0.0910354006823071
-0.25282720395787	0.36060355196315
-0.616333451731735	1.67586968177117
0.0698379604603943	0.107789801310594
0.196369985100857	0.381478795857151
-0.129440704578881	0.247436468713791
-0.0128216408534614	0.0154778123647247
-0.191584498125049	0.262709009615386
0.420978418822112	0.73017406783599
0.151810407320419	0.257288155018711
0.266266774253835	0.595665577833407
-0.105778000636223	0.172625170504187
-0.139013930153865	0.228859840535413
0.23354525454219	0.281288718390584
-0.601812535789693	0.995932809211656
-0.346017439109406	0.434818156601119
0.361014191987762	0.71229789280408
0.140375642864777	0.199816820720765
-0.0893070036029271	0.129333283989594
-0.289609358234273	0.4888148735161
0.301038006495077	0.32351805912836
-0.0348302009122524	0.0386171676487858
-0.363720614956986	0.434798882650432
-0.394213935407771	0.606723075175018
-0.0136283930524623	0.0158185759180858
0.281941184532428	0.524053795107119
0.158204712556932	0.22280881997082
-1.44508486138054	2.24539706445373
0.169833625022918	0.207130287418755
-0.501409312849997	0.77211509654137
0.0312866461253178	0.0341434139544154
-0.0905858080093387	0.123031002332721
0.23313485484564	0.374938624461208
-0.498592526534283	0.938087236893271
-0.208625680295831	0.189098086005631
-0.0661897313511608	0.0697463365068373
0.305523804234312	0.339275073827077
-0.260043939032027	0.398348419676445
0.242448909776623	0.357862465472033
0.593143083738453	1.43958828067623
-0.341238939704505	0.651327330646521
0.199535641361662	0.171084559851922
0.118555273356481	0.167191579192714
-0.0913341809492597	0.115155600602489
-0.555022756723913	1.23125605228276
-0.0421328125093168	0.0658905060203418
0.366456566152395	0.826878884156429
0.0021545834365037	0.0032906021373179
-0.27589071241473	0.378070442164956
0.171205936843487	0.313104801261695
-0.219660309391724	0.312751331152649
-0.107622192806427	0.190737011640177
-0.297570211724541	0.650896857204277
-0.183488679285313	0.347960833875898
0.0044109497290441	0.00768689767224009
0.311759068573386	0.488102474484519
-0.0284749756711026	0.0407545485137534
0.0547458672778299	0.0671582260718269
0.0525424799826526	0.0533632893763941
-0.233980673297953	0.282385487475474
-0.430076552527288	0.872916567960883
-0.142744295589184	0.215616020773218
-0.175655587261946	0.27468301760734
0.451433259686947	0.903028127234672
0.424062532426285	0.566113880907069
-0.120890369103667	0.197905750807812
-0.551185676361174	1.13154605736188
0.423932052934562	0.565891631767141
0.486251345143949	0.616350370193238
0.205188598113281	0.287964765315952
-0.0231086873522701	0.0256316359743901
0.207002692425471	0.324637556835447
0.389739060207576	0.810760660328547
-0.19520303899992	0.225058518972564
0.0611772198999036	0.0878116635956691
-0.174018965556419	0.219621659203735
-0.262877766198696	0.176110219147357
0.63152365765073	0.632808399870919
-0.611683559341336	0.66818970326316
-0.800584147767894	1.93048681917358
-0.536374541775719	0.857202157795605
-0.00447491858715204	0.00539633976133644
0.38379369728503	0.635729782791525
0.023286758956495	0.0167262583373515
0.358865739286948	0.373542279768377
0.196918323322693	0.265011880669741
0.143597945622265	0.143063822246645
