group	fill	clickSelects
1	#FFFFFF	11
2	#FFFFFF	16
10	#FFFFFF	16
15	#FFFFFF	31
16	#FFFFFF	34
17	#FFFFFF	34
18	#FFFFFF	34
19	#FFFFFF	34
20	#FFFFFF	31
22	#FFFFFF	11
23	#FFFFFF	16
31	#FFFFFF	16
35	#FFFFFF	31
36	#FFFFFF	31
37	#FFFFFF	34
38	#FFFFFF	34
39	#FFFFFF	34
40	#FFFFFF	34
41	#FFFFFF	31
42	#FFFFFF	11
43	#FFFFFF	16
51	#FFFFFF	31
55	#FFFFFF	31
56	#FFFFFF	31
57	#FFFFFF	34
58	#FFFFFF	34
59	#FFFFFF	34
60	#FFFFFF	34
61	#FFFFFF	31
62	#E984AA	42
63	#E883A9	14
64	#FFFFFF	37
65	#FFFFFF	31
66	#FFFFFF	31
67	#FFFFFF	31
68	#FFFFFF	10
69	#FFFFFF	10
70	#FFFFFF	10
71	#FFFFFF	10
72	#FFFFFF	10
73	#E883A9	14
74	#E883A9	14
75	#FCDFE8	18
76	#FFFFFF	37
77	#FFFFFF	37
78	#FFFFFF	37
79	#FFFFFF	37
80	#FFFFFF	37
81	#E984AA	42
82	#E883A9	14
83	#FFFFFF	31
84	#FFFFFF	10
85	#FFFFFF	10
86	#FFFFFF	10
87	#FFFFFF	10
88	#FFFFFF	10
89	#FFFFFF	10
90	#FFFFFF	10
91	#FFFFFF	10
92	#E883A9	14
93	#FCDFE8	18
94	#FFFFFF	37
95	#FFFFFF	37
96	#FFFFFF	37
97	#FFFFFF	37
98	#FFFFFF	37
99	#FFFFFF	37
100	#E984AA	42
101	#E883A9	14
102	#FFFFFF	37
103	#FFFFFF	31
104	#FFFFFF	10
105	#FFFFFF	10
106	#FFFFFF	10
107	#FFFFFF	10
108	#FFFFFF	10
109	#FFFFFF	10
110	#FFFFFF	10
111	#FFFFFF	10
112	#E883A9	14
113	#FCDFE8	18
114	#FCDFE8	18
115	#FFFFFF	37
116	#FFFFFF	37
117	#FFFFFF	37
118	#FFFFFF	37
119	#FFFFFF	37
120	#E984AA	42
121	#E883A9	14
122	#FFFFFF	37
123	#FFFFFF	31
124	#FFFFFF	10
125	#FFFFFF	10
126	#FFFFFF	10
127	#FFFFFF	10
128	#FFFFFF	10
129	#FFFFFF	10
130	#FFFFFF	10
131	#FFFFFF	10
132	#E883A9	14
133	#FCDFE8	18
134	#FCDFE8	18
135	#FFFFFF	37
136	#FFFFFF	37
137	#FFFFFF	37
138	#FCDFE8	18
139	#FFFFFF	37
140	#E984AA	42
141	#E984AA	42
142	#FFFFFF	37
143	#FFFFFF	31
144	#FFFFFF	10
145	#FFFFFF	32
146	#FFFFFF	10
147	#FFFFFF	10
148	#FFFFFF	10
149	#FFFFFF	10
150	#FFFFFF	10
151	#FFFFFF	10
152	#E883A9	14
153	#FFFFFF	10
154	#FCDFE8	18
155	#FCDFE8	18
156	#FCDFE8	18
157	#FFFFFF	37
158	#FFFFFF	37
159	#FFFFFF	37
160	#FCDFE8	18
161	#E984AA	42
162	#E883A9	14
163	#FFFFFF	31
164	#FFFFFF	10
165	#FFFFFF	10
166	#FFFFFF	32
167	#FFFFFF	10
168	#FFFFFF	10
169	#FFFFFF	10
170	#FFFFFF	10
171	#FFFFFF	10
172	#FFFFFF	10
173	#FCDFE8	18
174	#FFFFFF	10
175	#FCDFE8	18
176	#FCDFE8	18
177	#FCDFE8	18
178	#FFFFFF	37
179	#FFFFFF	37
180	#FCDFE8	18
181	#FCDFE8	18
182	#E984AA	42
183	#E883A9	14
184	#FCDFE8	18
185	#FFFFFF	31
186	#FFFFFF	10
187	#FFFFFF	10
188	#FFFFFF	32
189	#FFFFFF	10
190	#FFFFFF	10
191	#FFFFFF	10
192	#FFFFFF	10
193	#FFFFFF	10
194	#E883A9	14
195	#FFFFFF	10
196	#FFFFFF	10
197	#FCDFE8	18
198	#FCDFE8	18
199	#FCDFE8	18
200	#FCDFE8	18
201	#FFFFFF	37
202	#FCDFE8	18
203	#FCDFE8	18
204	#E883A9	14
205	#E883A9	14
206	#F7C5D6	7
207	#FFFFFF	31
208	#FFFFFF	10
209	#FFFFFF	31
210	#FFFFFF	32
211	#FFFFFF	10
212	#FFFFFF	10
213	#FFFFFF	10
214	#FFFFFF	10
215	#FFFFFF	10
216	#E883A9	14
217	#FFFFFF	10
218	#FFFFFF	10
219	#FCDFE8	18
220	#FCDFE8	18
221	#FCDFE8	18
222	#FCDFE8	18
223	#FCDFE8	18
224	#FCDFE8	18
225	#FCDFE8	18
226	#CD1076	23
227	#E883A9	14
228	#FCDFE8	18
229	#F7C5D6	7
230	#FFFFFF	31
231	#FFFFFF	31
232	#FFFFFF	31
233	#FFFFFF	32
234	#FFFFFF	10
235	#FFFFFF	10
236	#FFFFFF	10
237	#FFFFFF	10
238	#E883A9	14
239	#FFFFFF	10
240	#FFFFFF	10
241	#FFFFFF	10
242	#E883A9	14
243	#FCDFE8	18
244	#FCDFE8	18
245	#FCDFE8	18
246	#FCDFE8	18
247	#FCDFE8	18
248	#FCDFE8	18
249	#CD1076	23
250	#E883A9	14
251	#FCDFE8	18
252	#F7C5D6	7
253	#FFFFFF	31
254	#FFFFFF	31
255	#FFFFFF	31
256	#FFFFFF	32
257	#FFFFFF	10
258	#FFFFFF	10
259	#FFFFFF	10
260	#FFFFFF	10
261	#E883A9	14
262	#FFFFFF	10
263	#FFFFFF	10
264	#FFFFFF	10
265	#E883A9	14
266	#FCDFE8	18
267	#FCDFE8	18
268	#FCDFE8	18
269	#FCDFE8	18
270	#FCDFE8	18
271	#FCDFE8	18
272	#CD1076	23
273	#CD1076	23
274	#FCDFE8	18
275	#FCDFE8	18
276	#F7C5D6	7
277	#FFFFFF	31
278	#FFFFFF	31
279	#FFFFFF	31
280	#FFFFFF	32
281	#FFFFFF	10
282	#FFFFFF	10
283	#FFFFFF	10
284	#E883A9	14
285	#FFFFFF	10
286	#FFFFFF	10
287	#FFFFFF	10
288	#FFFFFF	10
289	#E883A9	14
290	#E883A9	14
291	#FCDFE8	18
292	#FCDFE8	18
293	#FCDFE8	18
294	#FCDFE8	18
295	#FCDFE8	18
296	#CD1076	23
297	#E883A9	14
298	#FCDFE8	18
299	#F7C5D6	7
300	#F7C5D6	7
301	#FFFFFF	31
302	#FFFFFF	31
303	#FFFFFF	31
304	#FFFFFF	32
305	#FFFFFF	10
306	#FFFFFF	10
307	#FFFFFF	10
308	#E883A9	14
309	#FFFFFF	10
310	#FFFFFF	10
311	#FFFFFF	10
312	#FFFFFF	10
313	#E883A9	14
314	#E883A9	14
315	#FCDFE8	18
316	#FCDFE8	18
317	#FCDFE8	18
318	#F7C5D6	7
319	#FCDFE8	18
320	#CD1076	23
321	#E883A9	14
322	#FCDFE8	18
323	#F7C5D6	7
324	#F7C5D6	7
325	#F7C5D6	7
326	#FFFFFF	31
327	#FFFFFF	31
328	#FFFFFF	31
329	#FFFFFF	32
330	#FFFFFF	10
331	#FFFFFF	10
332	#E883A9	14
333	#FFFFFF	10
334	#FFFFFF	10
335	#FFFFFF	10
336	#FFFFFF	10
337	#FFFFFF	10
338	#E883A9	14
339	#E883A9	14
340	#FCDFE8	18
341	#FCDFE8	18
342	#FCDFE8	18
343	#F7C5D6	7
344	#F7C5D6	7
345	#E883A9	14
346	#E883A9	14
347	#F7C5D6	7
348	#F7C5D6	7
349	#F7C5D6	7
350	#F7C5D6	7
351	#FFFFFF	31
352	#FFFFFF	31
353	#FFFFFF	31
354	#FFFFFF	32
355	#FFFFFF	32
356	#FFFFFF	32
357	#E883A9	14
358	#FFFFFF	10
359	#FFFFFF	10
360	#FFFFFF	10
361	#FFFFFF	10
362	#FFFFFF	10
363	#E883A9	14
364	#E883A9	14
365	#FCDFE8	18
366	#FCDFE8	18
367	#FCDFE8	18
368	#F7C5D6	7
369	#F7C5D6	7
370	#CD1076	19
371	#E883A9	14
372	#F7C5D6	7
373	#F7C5D6	7
374	#F7C5D6	7
375	#F7C5D6	7
376	#F7C5D6	7
377	#FFFFFF	31
378	#FFFFFF	31
379	#FFFFFF	31
380	#FFFFFF	32
381	#FFFFFF	32
382	#E883A9	14
383	#FFFFFF	32
384	#FFFFFF	10
385	#FFFFFF	10
386	#FFFFFF	10
387	#FFFFFF	10
388	#FFFFFF	10
389	#E883A9	14
390	#E883A9	14
391	#FCDFE8	18
392	#FCDFE8	18
393	#FCDFE8	18
394	#FCDFE8	18
395	#F7C5D6	7
396	#CD1076	19
397	#E883A9	14
398	#F7C5D6	7
399	#F7C5D6	7
400	#F7C5D6	7
401	#F7C5D6	7
402	#F7C5D6	7
403	#FFFFFF	31
404	#FFFFFF	31
405	#FFFFFF	32
406	#FFFFFF	32
407	#FFFFFF	32
408	#E883A9	14
409	#FFFFFF	32
410	#FFFFFF	10
411	#FFFFFF	10
412	#FFFFFF	10
413	#FFFFFF	10
414	#FFFFFF	10
415	#FCDFE8	18
416	#FCDFE8	18
417	#FCDFE8	18
418	#F7C5D6	7
419	#FCDFE8	18
420	#FCDFE8	18
421	#F7C5D6	7
422	#CD1076	19
423	#E883A9	14
424	#F7C5D6	7
425	#FFFFFF	1
426	#F7C5D6	7
427	#F7C5D6	7
428	#F7C5D6	7
429	#F7C5D6	7
430	#FFFFFF	31
431	#FFFFFF	35
432	#FFFFFF	32
433	#FFFFFF	32
434	#E883A9	14
435	#FFFFFF	32
436	#FFFFFF	32
437	#FFFFFF	10
438	#FFFFFF	10
439	#FFFFFF	10
440	#FFFFFF	10
441	#FFFFFF	10
442	#FCDFE8	18
443	#FCDFE8	18
444	#FCDFE8	18
445	#F7C5D6	7
446	#F7C5D6	7
447	#FCDFE8	18
448	#F7C5D6	7
449	#CD1076	19
450	#E883A9	14
451	#FFFFFF	1
452	#FFFFFF	1
453	#F7C5D6	7
454	#F7C5D6	7
455	#F7C5D6	7
456	#F7C5D6	7
457	#FFFFFF	31
458	#FFFFFF	35
459	#FFFFFF	32
460	#FFFFFF	32
461	#FCDFE8	18
462	#FFFFFF	32
463	#FFFFFF	32
464	#FFFFFF	10
465	#FFFFFF	10
466	#FFFFFF	10
467	#FFFFFF	10
468	#FFFFFF	10
469	#FCDFE8	18
470	#FCDFE8	18
471	#F7C5D6	7
472	#F7C5D6	7
473	#F7C5D6	7
474	#F7C5D6	7
475	#F7C5D6	7
476	#CD1076	19
477	#CD1076	19
478	#F7C5D6	7
479	#FFFFFF	1
480	#FFFFFF	1
481	#F7C5D6	7
482	#F7C5D6	7
483	#F7C5D6	7
484	#FFFFFF	31
485	#FFFFFF	35
486	#FFFFFF	35
487	#FFFFFF	32
488	#FCDFE8	18
489	#FFFFFF	32
490	#FFFFFF	32
491	#FFFFFF	32
492	#FFFFFF	10
493	#FFFFFF	10
494	#FFFFFF	10
495	#FFFFFF	10
496	#FFFFFF	10
497	#FCDFE8	18
498	#FCDFE8	18
499	#F7C5D6	7
500	#F7C5D6	7
501	#F7C5D6	7
502	#F7C5D6	7
503	#F7C5D6	7
504	#CD1076	19
505	#FAD4E0	4
506	#FFFFFF	1
507	#FFFFFF	1
508	#FFFFFF	1
509	#F7C5D6	7
510	#F7C5D6	7
511	#F7C5D6	7
512	#FFFFFF	31
513	#FFFFFF	35
514	#FFFFFF	35
515	#FFFFFF	32
516	#FCDFE8	18
517	#FFFFFF	32
518	#FFFFFF	32
519	#FFFFFF	32
520	#FFFFFF	10
521	#FFFFFF	10
522	#FFFFFF	10
523	#FFFFFF	10
524	#FFFFFF	10
525	#FCDFE8	18
526	#F7C5D6	7
527	#F7C5D6	7
528	#F7C5D6	7
529	#F7C5D6	7
530	#F7C5D6	7
531	#FFFFFF	1
532	#FFFFFF	11
533	#FFFFFF	16
534	#FFFFFF	31
543	#FFFFFF	37
547	#FFFFFF	31
548	#FFFFFF	31
549	#FFFFFF	34
550	#FFFFFF	34
551	#FFFFFF	34
552	#FFFFFF	34
553	#FFFFFF	34
554	#FFFFFF	11
555	#FFFFFF	37
556	#FFFFFF	31
566	#FFFFFF	37
569	#FFFFFF	31
570	#FFFFFF	34
571	#FFFFFF	34
572	#FFFFFF	34
573	#FFFFFF	34
574	#FFFFFF	34
575	#FFFFFF	34
576	#CD1076	19
577	#FAD4E0	4
578	#FFFFFF	1
579	#FFFFFF	1
580	#FFFFFF	1
581	#F7C5D6	7
582	#F7C5D6	7
583	#F7C5D6	7
584	#F7C5D6	7
585	#FFFFFF	31
586	#FFFFFF	35
587	#FFFFFF	35
588	#FAD4E0	4
589	#FFFFFF	32
590	#FFFFFF	32
591	#FFFFFF	32
592	#FFFFFF	32
593	#FFFFFF	10
594	#FFFFFF	10
595	#FFFFFF	10
596	#FFFFFF	10
597	#FFFFFF	10
598	#FCDFE8	18
599	#F7C5D6	7
600	#F7C5D6	7
601	#F7C5D6	7
602	#F7C5D6	7
603	#F7C5D6	7
604	#F7C5D6	7
605	#CD1076	19
606	#FAD4E0	4
607	#FFFFFF	1
608	#F7C5D6	7
609	#F7C5D6	7
610	#F7C5D6	7
611	#F7C5D6	7
612	#F7C5D6	7
613	#F7C5D6	7
614	#FFFFFF	31
615	#FFFFFF	35
616	#FFFFFF	35
617	#FCDFE8	18
618	#FFFFFF	32
619	#FFFFFF	32
620	#FFFFFF	32
621	#FFFFFF	32
622	#FFFFFF	10
623	#FFFFFF	10
624	#FFFFFF	10
625	#FFFFFF	10
626	#FFFFFF	10
627	#F7C5D6	7
628	#F7C5D6	7
629	#F7C5D6	7
630	#F7C5D6	7
631	#F7C5D6	7
632	#F7C5D6	7
633	#FFFFFF	1
634	#CD1076	19
635	#FAD4E0	4
636	#FFFFFF	1
637	#F7C5D6	7
638	#F7C5D6	7
639	#F7C5D6	7
640	#FFFFFF	1
641	#F7C5D6	7
642	#F7C5D6	7
643	#F7C5D6	7
644	#FFFFFF	31
645	#FFFFFF	35
646	#FAD4E0	4
647	#FFFFFF	35
648	#FFFFFF	32
649	#FFFFFF	32
650	#FFFFFF	32
651	#FFFFFF	32
652	#FFFFFF	10
653	#FFFFFF	10
654	#FFFFFF	10
655	#FFFFFF	10
656	#FFFFFF	10
657	#F7C5D6	7
658	#F7C5D6	7
659	#F7C5D6	7
660	#F7C5D6	7
661	#F7C5D6	7
662	#F7C5D6	7
663	#FFFFFF	1
664	#CD1076	19
665	#FAD4E0	4
666	#FFFFFF	1
667	#F7C5D6	7
668	#F7C5D6	7
669	#FFFFFF	1
670	#FFFFFF	1
671	#F7C5D6	7
672	#F7C5D6	7
673	#F7C5D6	7
674	#FFFFFF	31
675	#FFFFFF	35
676	#F7C5D6	7
677	#FFFFFF	35
678	#FFFFFF	32
679	#FFFFFF	32
680	#FFFFFF	32
681	#FFFFFF	32
682	#FFFFFF	10
683	#FFFFFF	10
684	#FFFFFF	10
685	#FFFFFF	10
686	#FFFFFF	10
687	#F7C5D6	7
688	#F7C5D6	7
689	#F7C5D6	7
690	#F7C5D6	7
691	#F7C5D6	7
692	#FFFFFF	1
693	#FFFFFF	1
694	#CD1076	19
695	#FAD4E0	4
696	#F7C5D6	7
697	#F7C5D6	7
698	#F7C5D6	7
699	#F7C5D6	7
700	#FFFFFF	1
701	#FFFFFF	1
702	#F7C5D6	7
703	#F7C5D6	7
704	#F7C5D6	7
705	#FFFFFF	31
706	#FEF9FA	8
707	#FFFFFF	35
708	#FFFFFF	35
709	#FFFFFF	35
710	#FFFFFF	32
711	#FFFFFF	32
712	#FFFFFF	32
713	#FFFFFF	10
714	#FFFFFF	10
715	#FFFFFF	10
716	#FFFFFF	10
717	#F7C5D6	7
718	#FFFFFF	10
719	#F7C5D6	7
720	#F7C5D6	7
721	#F7C5D6	7
722	#F7C5D6	7
723	#FFFFFF	1
724	#FFFFFF	1
725	#CD1076	19
726	#FAD4E0	4
727	#F7C5D6	7
728	#F7C5D6	7
729	#F7C5D6	7
730	#F7C5D6	7
731	#FFFFFF	1
732	#FFFFFF	1
733	#F7C5D6	7
734	#F7C5D6	7
735	#F7C5D6	7
736	#FFFFFF	31
737	#FEF9FA	8
738	#FFFFFF	35
739	#FFFFFF	35
740	#FFFFFF	35
741	#FFFFFF	32
742	#FFFFFF	32
743	#FFFFFF	32
744	#FFFFFF	10
745	#FFFFFF	10
746	#FFFFFF	10
747	#FFFFFF	10
748	#F7C5D6	7
749	#FFFFFF	10
750	#FEF9FA	8
751	#F7C5D6	7
752	#F7C5D6	7
753	#FFFFFF	1
754	#FFFFFF	1
755	#FFFFFF	1
756	#CD1076	19
757	#FAD4E0	4
758	#F7C5D6	7
759	#F7C5D6	7
760	#FFFFFF	1
761	#F7C5D6	7
762	#F7C5D6	7
763	#FFFFFF	1
764	#FFFFFF	1
765	#F7C5D6	7
766	#F7C5D6	7
767	#F7C5D6	7
768	#FAD4E0	4
769	#FFFFFF	31
770	#FFFFFF	35
771	#FFFFFF	35
772	#FFFFFF	32
773	#FFFFFF	32
774	#FFFFFF	32
775	#FFFFFF	32
776	#FFFFFF	10
777	#FFFFFF	10
778	#FFFFFF	10
779	#FEF9FA	8
780	#FFFFFF	10
781	#FFFFFF	10
782	#FEF9FA	8
783	#F7C5D6	7
784	#F7C5D6	7
785	#FFFFFF	1
786	#FFFFFF	1
787	#FFFFFF	1
788	#CD1076	19
789	#FAD4E0	4
790	#F7C5D6	7
791	#FFFFFF	1
792	#FFFFFF	1
793	#F7C5D6	7
794	#F7C5D6	7
795	#FFFFFF	1
796	#FFFFFF	1
797	#F7C5D6	7
798	#F7C5D6	7
799	#F7C5D6	7
800	#FEF9FA	8
801	#FFFFFF	31
802	#FFFFFF	35
803	#FFFFFF	35
804	#FFFFFF	32
805	#FFFFFF	32
806	#FFFFFF	32
807	#FFFFFF	10
808	#FFFFFF	10
809	#FFFFFF	10
810	#FFFFFF	10
811	#FEF9FA	8
812	#FFFFFF	10
813	#FFFFFF	10
814	#F7C5D6	7
815	#F7C5D6	7
816	#FFFFFF	1
817	#FFFFFF	1
818	#FFFFFF	1
819	#FFFFFF	1
820	#CD1076	19
821	#CD1076	19
822	#FFFFFF	1
823	#FFFFFF	1
824	#FFFFFF	1
825	#FFFFFF	1
826	#F7C5D6	7
827	#FFFFFF	1
828	#FFFFFF	1
829	#FFFFFF	1
830	#F7C5D6	7
831	#F7C5D6	7
832	#FAD4E0	4
833	#F7C5D6	7
834	#FFFFFF	31
835	#FFFFFF	35
836	#FFFFFF	35
837	#FFFFFF	32
838	#FFFFFF	32
839	#FFFFFF	10
840	#FFFFFF	32
841	#FFFFFF	10
842	#FFFFFF	10
843	#FEF9FA	8
844	#FFFFFF	10
845	#FFFFFF	10
846	#FFFFFF	10
847	#FEF9FA	8
848	#F7C5D6	7
849	#FFFFFF	1
850	#FFFFFF	1
851	#FFFFFF	1
852	#FFFFFF	1
853	#CD1076	19
854	#CD1076	19
855	#FFFFFF	1
856	#FFFFFF	1
857	#FFFFFF	1
858	#FFFFFF	1
859	#FFFFFF	1
860	#FFFFFF	1
861	#FFFFFF	1
862	#FFFFFF	1
863	#F7C5D6	7
864	#F7C5D6	7
865	#FAD4E0	4
866	#F7C5D6	7
867	#FFFFFF	31
868	#FFFFFF	35
869	#FFFFFF	35
870	#FFFFFF	35
871	#FFFFFF	32
872	#FFFFFF	32
873	#FFFFFF	32
874	#FFFFFF	10
875	#FFFFFF	10
876	#FEF9FA	8
877	#FFFFFF	10
878	#FFFFFF	10
879	#FFFFFF	10
880	#F7C5D6	7
881	#FFFFFF	1
882	#FFFFFF	1
883	#FFFFFF	1
884	#FFFFFF	1
885	#FFFFFF	1
886	#CD1076	19
887	#CD1076	19
888	#FFFFFF	1
889	#FFFFFF	1
890	#FFFFFF	1
891	#FFFFFF	1
892	#FFFFFF	1
893	#FFFFFF	1
894	#FFFFFF	1
895	#FFFFFF	1
896	#FFFFFF	1
897	#F7C5D6	7
898	#FAD4E0	4
899	#F7C5D6	7
900	#F7C5D6	7
901	#FFFFFF	31
902	#FFFFFF	35
903	#FFFFFF	35
904	#FFFFFF	35
905	#FFFFFF	32
906	#FFFFFF	32
907	#FFFFFF	32
908	#FFFFFF	10
909	#FAD4E0	4
910	#FFFFFF	10
911	#FFFFFF	10
912	#FFFFFF	10
913	#FFFFFF	32
914	#FEF9FA	8
915	#FFFFFF	1
916	#FFFFFF	1
917	#FFFFFF	1
918	#FFFFFF	1
919	#FFFFFF	1
920	#CD1076	19
921	#FAD4E0	4
922	#FFFFFF	1
923	#FFFFFF	1
924	#FFFFFF	1
925	#FFFFFF	1
926	#FFFFFF	1
927	#FFFFFF	1
928	#FFFFFF	1
929	#FFFFFF	1
930	#FFFFFF	1
931	#F7C5D6	7
932	#FAD4E0	4
933	#F7C5D6	7
934	#F7C5D6	7
935	#FFFFFF	31
936	#FFFFFF	35
937	#FFFFFF	1
938	#FFFFFF	35
939	#FFFFFF	32
940	#FFFFFF	10
941	#FFFFFF	32
942	#FFFFFF	10
943	#FEF9FA	8
944	#FFFFFF	10
945	#FFFFFF	10
946	#FFFFFF	32
947	#FFFFFF	32
948	#FEF9FA	8
949	#FFFFFF	1
950	#FFFFFF	1
951	#FFFFFF	1
952	#FFFFFF	1
953	#FFFFFF	1
954	#CD1076	19
955	#CD1076	19
956	#FFFFFF	1
957	#FFFFFF	1
958	#FFFFFF	1
959	#FFFFFF	1
960	#FFFFFF	1
961	#FFFFFF	1
962	#FFFFFF	1
963	#FFFFFF	1
964	#FFFFFF	1
965	#FFFFFF	1
966	#FAD4E0	4
967	#F7C5D6	7
968	#F7C5D6	7
969	#F7C5D6	7
970	#FFFFFF	31
971	#FFFFFF	1
972	#FFFFFF	35
973	#FFFFFF	35
974	#FFFFFF	32
975	#FFFFFF	10
976	#FFFFFF	10
977	#FAD4E0	4
978	#FFFFFF	10
979	#FFFFFF	10
980	#FFFFFF	32
981	#FFFFFF	32
982	#FFFFFF	24
983	#FEF9FA	8
984	#FEF9FA	8
985	#FFFFFF	1
986	#FFFFFF	1
987	#FFFFFF	1
988	#FFFFFF	1
989	#CD1076	19
990	#FAD4E0	4
991	#FFFFFF	1
992	#FFFFFF	1
993	#FFFFFF	1
994	#FFFFFF	1
995	#FFFFFF	1
996	#FFFFFF	1
997	#FFFFFF	1
998	#FFFFFF	1
999	#FFFFFF	1
1000	#FFFFFF	1
1001	#FAD4E0	4
1002	#F7C5D6	7
1003	#F7C5D6	7
1004	#F7C5D6	7
1005	#F7C5D6	7
1006	#FFFFFF	1
1007	#FFFFFF	35
1008	#FFFFFF	35
1009	#FFFFFF	32
1010	#FFFFFF	10
1011	#FFFFFF	10
1012	#FEF9FA	8
1013	#FFFFFF	10
1014	#FFFFFF	32
1015	#FFFFFF	32
1016	#FEF9FA	8
1017	#FEF9FA	8
1018	#FEF9FA	8
1019	#FFFFFF	1
1020	#FFFFFF	1
1021	#FFFFFF	1
1022	#CD1076	19
1023	#FAD4E0	4
1024	#FFFFFF	1
1025	#FFFFFF	1
1026	#FFFFFF	1
1027	#FFFFFF	1
1028	#FFFFFF	1
1029	#FFFFFF	1
1030	#FFFFFF	1
1031	#FFFFFF	1
1032	#FFFFFF	1
1033	#FFFFFF	1
1034	#FAD4E0	4
1035	#FFFFFF	1
1036	#F7C5D6	7
1037	#F7C5D6	7
1038	#F7C5D6	7
1039	#FFFFFF	1
1040	#FFFFFF	35
1041	#FFFFFF	35
1042	#FFFFFF	35
1043	#FFFFFF	32
1044	#FFFFFF	10
1045	#FEF9FA	8
1046	#FFFFFF	10
1047	#FFFFFF	32
1048	#FFFFFF	32
1049	#FFFFFF	24
1050	#FEF9FA	8
1051	#FEF9FA	8
1052	#FEF9FA	8
1053	#FEF9FA	8
1054	#FFFFFF	1
1055	#FFFFFF	1
1056	#FAD4E0	4
1057	#FAD4E0	4
1058	#FFFFFF	1
1059	#FFFFFF	1
1060	#FFFFFF	1
1061	#FFFFFF	1
1062	#FFFFFF	1
1063	#FFFFFF	1
1064	#FFFFFF	1
1065	#FFFFFF	1
1066	#FFFFFF	1
1067	#FFFFFF	1
1068	#FAD4E0	4
1069	#FFFFFF	1
1070	#F7C5D6	7
1071	#F7C5D6	7
1072	#F7C5D6	7
1073	#FFFFFF	1
1074	#FFFFFF	35
1075	#FFFFFF	1
1076	#FFFFFF	35
1077	#FFFFFF	32
1078	#FFFFFF	10
1079	#FEF9FA	8
1080	#FFFFFF	32
1081	#FFFFFF	32
1082	#FFFFFF	24
1083	#FEF9FA	8
1084	#FEF9FA	8
1085	#FEF9FA	8
1086	#FEF9FA	8
1087	#FFFFFF	1
1088	#FFFFFF	1
1089	#FDEBF1	28
1090	#FAD4E0	4
1091	#FFFFFF	1
1092	#FFFFFF	1
1093	#FFFFFF	1
1094	#FFFFFF	1
1095	#FFFFFF	1
1096	#FFFFFF	1
1097	#FFFFFF	1
1098	#FFFFFF	1
1099	#FFFFFF	1
1100	#FFFFFF	1
1101	#FAD4E0	4
1102	#FFFFFF	1
1103	#FFFFFF	1
1104	#F7C5D6	7
1105	#F7C5D6	7
1106	#F7C5D6	7
1107	#FFFFFF	1
1108	#FFFFFF	1
1109	#FFFFFF	1
1110	#FFFFFF	35
1111	#FFFFFF	32
1112	#FAD4E0	4
1113	#FFFFFF	32
1114	#FFFFFF	32
1115	#FFFFFF	24
1116	#FFFFFF	32
1117	#FEF9FA	8
1118	#FEF9FA	8
1119	#FEF9FA	8
1120	#FEF9FA	8
1121	#FFFFFF	21
1122	#FFFFFF	1
1123	#FDEBF1	28
1124	#FAD4E0	4
1125	#FFFFFF	1
1126	#FFFFFF	1
1127	#FFFFFF	1
1128	#FFFFFF	1
1129	#FFFFFF	1
1130	#FFFFFF	1
1131	#FFFFFF	1
1132	#FFFFFF	1
1133	#FFFFFF	1
1134	#FFFFFF	1
1135	#FAD4E0	4
1136	#FFFFFF	1
1137	#F7C5D6	7
1138	#F7C5D6	7
1139	#F7C5D6	7
1140	#F7C5D6	7
1141	#FFFFFF	1
1142	#FFFFFF	1
1143	#FFFFFF	1
1144	#FFFFFF	35
1145	#FAD4E0	4
1146	#FFFFFF	32
1147	#FFFFFF	24
1148	#FFFFFF	32
1149	#FFFFFF	32
1150	#FEF9FA	8
1151	#FEF9FA	8
1152	#FEF9FA	8
1153	#FEF9FA	8
1154	#FFFFFF	21
1155	#FFFFFF	1
1156	#FDEBF1	28
1157	#FDEBF1	28
1158	#FFFFFF	1
1159	#FFFFFF	1
1160	#FFFFFF	1
1161	#FFFFFF	1
1162	#FFFFFF	1
1163	#FFFFFF	1
1164	#FFFFFF	1
1165	#FFFFFF	1
1166	#FFFFFF	1
1167	#FFFFFF	1
1168	#FAD4E0	4
1169	#FFFFFF	1
1170	#FFFFFF	1
1171	#FFFFFF	1
1172	#FFFFFF	1
1173	#FFFFFF	1
1174	#FFFFFF	1
1175	#FFFFFF	1
1176	#FFFFFF	1
1177	#FFFFFF	1
1178	#FFFFFF	35
1179	#FAD4E0	4
1180	#FFFFFF	32
1181	#FFFFFF	32
1182	#FFFFFF	32
1183	#FFFFFF	32
1184	#FAD4E0	4
1185	#FEF9FA	8
1186	#FEF9FA	8
1187	#FEF9FA	8
1188	#FEF9FA	8
1189	#FFFFFF	21
1190	#FDEBF1	28
1191	#FDEBF1	28
1192	#FFFFFF	1
1193	#FFFFFF	1
1194	#FFFFFF	1
1195	#FFFFFF	1
1196	#FFFFFF	1
1197	#FFFFFF	1
1198	#FFFFFF	1
1199	#FFFFFF	1
1200	#FFFFFF	1
1201	#FFFFFF	1
1202	#FAD4E0	4
1203	#FFFFFF	1
1204	#FFFFFF	1
1205	#FFFFFF	1
1206	#FFFFFF	1
1207	#FFFFFF	1
1208	#FFFFFF	1
1209	#FFFFFF	1
1210	#FFFFFF	1
1211	#FFFFFF	35
1212	#FFFFFF	32
1213	#FAD4E0	4
1214	#FFFFFF	24
1215	#FFFFFF	32
1216	#FFFFFF	32
1217	#FFFFFF	32
1218	#FFFFFF	32
1219	#FAD4E0	4
1220	#FAD4E0	4
1221	#FEF9FA	8
1222	#FEF9FA	8
1223	#FEF9FA	8
1224	#FFFFFF	21
1225	#FFFFFF	11
1226	#FCDFE8	18
1227	#FFFFFF	34
1228	#FFFFFF	31
1237	#FFFFFF	37
1240	#FFFFFF	37
1241	#FFFFFF	31
1242	#FFFFFF	34
1243	#FFFFFF	34
1244	#FFFFFF	34
1245	#FFFFFF	34
1246	#FFFFFF	34
1247	#FFFFFF	11
1248	#FCDFE8	18
1249	#FFFFFF	34
1250	#FFFFFF	31
1259	#FFFFFF	37
1261	#FFFFFF	37
1262	#FFFFFF	31
1263	#FFFFFF	34
1264	#FFFFFF	34
1265	#FFFFFF	34
1266	#FFFFFF	34
1267	#FFFFFF	34
1268	#FDEBF1	28
1269	#FDEBF1	28
1270	#FFFFFF	21
1271	#FFFFFF	1
1272	#FFFFFF	1
1273	#FFFFFF	1
1274	#FFFFFF	1
1275	#FFFFFF	1
1276	#FFFFFF	1
1277	#FFFFFF	1
1278	#FFFFFF	1
1279	#FFFFFF	1
1280	#FDEBF1	28
1281	#FFFFFF	1
1282	#FFFFFF	1
1283	#FFFFFF	1
1284	#FFFFFF	1
1285	#FFFFFF	1
1286	#FFFFFF	1
1287	#FFFFFF	1
1288	#FFFFFF	1
1289	#FFFFFF	35
1290	#FFFFFF	35
1291	#FAD4E0	4
1292	#FFFFFF	32
1293	#FFFFFF	32
1294	#FFFFFF	32
1295	#FFFFFF	32
1296	#FFFFFF	2
1297	#FAD4E0	4
1298	#FAD4E0	4
1299	#FAD4E0	4
1300	#FEF9FA	8
1301	#FEF9FA	8
1302	#FFFFFF	21
1303	#FDEBF1	28
1304	#FDEBF1	28
1305	#FFFFFF	21
1306	#FFFFFF	1
1307	#FFFFFF	1
1308	#FFFFFF	1
1309	#FFFFFF	1
1310	#FFFFFF	1
1311	#FFFFFF	1
1312	#FFFFFF	1
1313	#FFFFFF	1
1314	#FFFFFF	1
1315	#FAD4E0	4
1316	#FFFFFF	1
1317	#FFFFFF	1
1318	#FFFFFF	1
1319	#FFFFFF	1
1320	#FFFFFF	1
1321	#FFFFFF	1
1322	#FFFFFF	1
1323	#FFFFFF	35
1324	#FFFFFF	35
1325	#FFFFFF	24
1326	#FAD4E0	4
1327	#FFFFFF	24
1328	#FFFFFF	32
1329	#FFFFFF	32
1330	#FFFFFF	32
1331	#FFFFFF	2
1332	#FAD4E0	4
1333	#FAD4E0	4
1334	#FAD4E0	4
1335	#FEF9FA	8
1336	#FFFFFF	21
1337	#FFFFFF	21
1338	#FDEBF1	28
1339	#FDEBF1	28
1340	#FFFFFF	21
1341	#FFFFFF	21
1342	#FFFFFF	1
1343	#FFFFFF	1
1344	#FFFFFF	1
1345	#FFFFFF	1
1346	#FFFFFF	1
1347	#FFFFFF	1
1348	#FFFFFF	1
1349	#FFFFFF	1
1350	#FAD4E0	4
1351	#FFFFFF	1
1352	#FFFFFF	1
1353	#FFFFFF	1
1354	#FFFFFF	1
1355	#FFFFFF	1
1356	#FFFFFF	1
1357	#FFFFFF	1
1358	#FFFFFF	1
1359	#FFFFFF	35
1360	#FFFFFF	24
1361	#FAD4E0	4
1362	#FFFFFF	24
1363	#FFFFFF	32
1364	#FFFFFF	32
1365	#FFFFFF	32
1366	#FFFFFF	2
1367	#FFFFFF	2
1368	#FAD4E0	4
1369	#FAD4E0	4
1370	#FEF9FA	8
1371	#FAD4E0	4
1372	#FEF9FA	8
1373	#FFFFFF	21
1374	#FDEBF1	28
1375	#FAD4E0	4
1376	#FFFFFF	21
1377	#FFFFFF	21
1378	#FFFFFF	21
1379	#FFFFFF	1
1380	#FFFFFF	1
1381	#FFFFFF	1
1382	#FFFFFF	1
1383	#FFFFFF	1
1384	#FFFFFF	1
1385	#FFFFFF	1
1386	#FAD4E0	4
1387	#FFFFFF	1
1388	#FFFFFF	1
1389	#FFFFFF	1
1390	#FFFFFF	1
1391	#FFFFFF	1
1392	#FFFFFF	1
1393	#FFFFFF	1
1394	#FFFFFF	1
1395	#FFFFFF	24
1396	#FAD4E0	4
1397	#FFFFFF	24
1398	#FFFFFF	32
1399	#FFFFFF	32
1400	#FFFFFF	2
1401	#FFFFFF	2
1402	#FFFFFF	2
1403	#FFFFFF	2
1404	#FEF9FA	8
1405	#FAD4E0	4
1406	#FEF9FA	8
1407	#FEF9FA	8
1408	#FFFFFF	21
1409	#FFFFFF	21
1410	#FDEBF1	28
1411	#FAD4E0	4
1412	#FFFFFF	21
1413	#FFFFFF	21
1414	#FFFFFF	21
1415	#FFFFFF	1
1416	#FFFFFF	1
1417	#FFFFFF	1
1418	#FFFFFF	1
1419	#FFFFFF	1
1420	#FFFFFF	1
1421	#FFFFFF	1
1422	#FAD4E0	4
1423	#FFFFFF	1
1424	#FFFFFF	1
1425	#FFFFFF	1
1426	#FFFFFF	1
1427	#FFFFFF	1
1428	#FFFFFF	1
1429	#FFFFFF	1
1430	#FFFFFF	1
1431	#FFFFFF	24
1432	#FAD4E0	4
1433	#FFFFFF	24
1434	#FFFFFF	32
1435	#FFFFFF	32
1436	#FFFFFF	2
1437	#FFFFFF	2
1438	#FFFFFF	2
1439	#FFFFFF	2
1440	#FFFFFF	2
1441	#FEF9FA	8
1442	#FFFFFF	2
1443	#FEF9FA	8
1444	#FAD4E0	4
1445	#FEF9FA	8
1446	#FEF9FA	8
1447	#FFFFFF	21
1448	#FDEBF1	28
1449	#FAD4E0	4
1450	#FFFFFF	21
1451	#FFFFFF	21
1452	#FFFFFF	1
1453	#FFFFFF	1
1454	#FFFFFF	1
1455	#FFFFFF	1
1456	#FFFFFF	1
1457	#FFFFFF	1
1458	#FFFFFF	1
1459	#FFFFFF	1
1460	#FAD4E0	4
1461	#FFFFFF	1
1462	#FFFFFF	1
1463	#FFFFFF	1
1464	#FFFFFF	1
1465	#FFFFFF	1
1466	#FFFFFF	12
1467	#FFFFFF	1
1468	#FFFFFF	24
1469	#FEF9FA	8
1470	#FFFFFF	32
1471	#FFFFFF	32
1472	#FFFFFF	2
1473	#FFFFFF	32
1474	#FFFFFF	2
1475	#FFFFFF	2
1476	#FFFFFF	2
1477	#FFFFFF	2
1478	#FFFFFF	2
1479	#FEF9FA	8
1480	#FFFFFF	2
1481	#FEF9FA	8
1482	#FEF9FA	8
1483	#FEF9FA	8
1484	#FEF9FA	8
1485	#FFFFFF	21
1486	#FDEBF1	28
1487	#FDEBF1	28
1488	#FFFFFF	21
1489	#FFFFFF	21
1490	#FFFFFF	21
1491	#FFFFFF	1
1492	#FFFFFF	1
1493	#FFFFFF	1
1494	#FFFFFF	1
1495	#FFFFFF	1
1496	#FFFFFF	1
1497	#FFFFFF	1
1498	#FAD4E0	4
1499	#FFFFFF	1
1500	#FFFFFF	1
1501	#FFFFFF	1
1502	#FFFFFF	1
1503	#FFFFFF	1
1504	#FFFFFF	12
1505	#FFFFFF	12
1506	#FFFFFF	24
1507	#FEF9FA	8
1508	#FFFFFF	32
1509	#FFFFFF	32
1510	#FFFFFF	32
1511	#FFFFFF	2
1512	#FFFFFF	2
1513	#FFFFFF	2
1514	#FFFFFF	2
1515	#FFFFFF	2
1516	#FFFFFF	2
1517	#FEF9FA	8
1518	#FFFFFF	39
1519	#FEF9FA	8
1520	#FEF9FA	8
1521	#FEF9FA	8
1522	#FEF9FA	8
1523	#FEF9FA	8
1524	#FDEBF1	28
1525	#FAD4E0	4
1526	#FFFFFF	21
1527	#FFFFFF	21
1528	#FFFFFF	21
1529	#FFFFFF	1
1530	#FFFFFF	1
1531	#FFFFFF	1
1532	#FFFFFF	1
1533	#FFFFFF	1
1534	#FFFFFF	1
1535	#FFFFFF	1
1536	#FEF9FA	8
1537	#FFFFFF	1
1538	#FFFFFF	1
1539	#FFFFFF	1
1540	#FFFFFF	1
1541	#FFFFFF	12
1542	#FFFFFF	12
1543	#FFFFFF	24
1544	#FEF9FA	8
1545	#FFFFFF	33
1546	#FFFFFF	32
1547	#FFFFFF	32
1548	#FFFFFF	32
1549	#FFFFFF	2
1550	#FFFFFF	2
1551	#FFFFFF	2
1552	#FFFFFF	2
1553	#FFFFFF	39
1554	#FEF9FA	8
1555	#FFFFFF	2
1556	#FEF9FA	8
1557	#FEF9FA	8
1558	#FEF9FA	8
1559	#FEF9FA	8
1560	#FEF9FA	8
1561	#FDEBF1	28
1562	#FAD4E0	4
1563	#FEF9FA	8
1564	#FFFFFF	21
1565	#FFFFFF	21
1566	#FFFFFF	21
1567	#FFFFFF	1
1568	#FFFFFF	1
1569	#FFFFFF	1
1570	#FFFFFF	1
1571	#FFFFFF	1
1572	#FFFFFF	1
1573	#FAD4E0	4
1574	#FFFFFF	1
1575	#FFFFFF	1
1576	#FFFFFF	1
1577	#FFFFFF	1
1578	#FFFFFF	12
1579	#FFFFFF	12
1580	#FFFFFF	24
1581	#FEF9FA	8
1582	#FFFFFF	33
1583	#FFFFFF	33
1584	#FFFFFF	33
1585	#FFFFFF	32
1586	#FFFFFF	2
1587	#FFFFFF	2
1588	#FFFFFF	2
1589	#FFFFFF	2
1590	#FFFFFF	2
1591	#FFFFFF	39
1592	#FEF9FA	8
1593	#FFFFFF	39
1594	#FEF9FA	8
1595	#FEF9FA	8
1596	#FEF9FA	8
1597	#FEF9FA	8
1598	#FEF9FA	8
1599	#FDEBF1	28
1600	#FAD4E0	4
1601	#FEF9FA	8
1602	#FFFFFF	21
1603	#FFFFFF	21
1604	#FFFFFF	21
1605	#FFFFFF	1
1606	#FFFFFF	1
1607	#FFFFFF	1
1608	#FFFFFF	1
1609	#FFFFFF	1
1610	#FFFFFF	1
1611	#FEF9FA	8
1612	#FFFFFF	1
1613	#FFFFFF	1
1614	#FFFFFF	1
1615	#FFFFFF	12
1616	#FFFFFF	12
1617	#FFFFFF	24
1618	#FFFFFF	33
1619	#FEF9FA	8
1620	#FFFFFF	33
1621	#FFFFFF	33
1622	#FFFFFF	32
1623	#FFFFFF	2
1624	#FFFFFF	2
1625	#FFFFFF	2
1626	#FFFFFF	2
1627	#FFFFFF	2
1628	#FFFFFF	39
1629	#FEF9FA	8
1630	#FFFFFF	39
1631	#FEF9FA	8
1632	#FEF9FA	8
1633	#FEF9FA	8
1634	#FEF9FA	8
1635	#FEF9FA	8
1636	#FDEBF1	28
1637	#FAD4E0	4
1638	#FEF9FA	8
1639	#FEF9FA	8
1640	#FFFFFF	21
1641	#FFFFFF	21
1642	#FFFFFF	21
1643	#FFFFFF	1
1644	#FFFFFF	1
1645	#FFFFFF	1
1646	#FFFFFF	1
1647	#FFFFFF	1
1648	#FAD4E0	4
1649	#FFFFFF	1
1650	#FFFFFF	1
1651	#FFFFFF	1
1652	#FFFFFF	12
1653	#FFFFFF	12
1654	#FFFFFF	24
1655	#FFFFFF	33
1656	#FEF9FA	8
1657	#FFFFFF	33
1658	#FFFFFF	33
1659	#FFFFFF	33
1660	#FFFFFF	32
1661	#FFFFFF	2
1662	#FFFFFF	2
1663	#FFFFFF	32
1664	#FFFFFF	39
1665	#FEF9FA	8
1666	#FFFFFF	39
1667	#FEF9FA	8
1668	#FEF9FA	8
1669	#FEF9FA	8
1670	#FEF9FA	8
1671	#FEF9FA	8
1672	#FDEBF1	28
1673	#FAD4E0	4
1674	#FEF9FA	8
1675	#FEF9FA	8
1676	#FFFFFF	21
1677	#FFFFFF	21
1678	#FEF9FA	8
1679	#FFFFFF	1
1680	#FFFFFF	1
1681	#FFFFFF	1
1682	#FFFFFF	1
1683	#FFFFFF	1
1684	#FAD4E0	4
1685	#FFFFFF	1
1686	#FFFFFF	1
1687	#FFFFFF	12
1688	#FFFFFF	12
1689	#FFFFFF	24
1690	#FFFEFE	3
1691	#FFFFFF	33
1692	#FEF9FA	8
1693	#FFFFFF	33
1694	#FFFFFF	33
1695	#FFFFFF	32
1696	#FFFFFF	2
1697	#FFFFFF	2
1698	#FFFFFF	2
1699	#FFFFFF	32
1700	#FFFFFF	22
1701	#FFFFFF	22
1702	#FEF9FA	8
1703	#FEF9FA	8
1704	#FEF9FA	8
1705	#FEF9FA	8
1706	#FEF9FA	8
1707	#FEF9FA	8
1708	#FDEBF1	28
1709	#FAD4E0	4
1710	#FEF9FA	8
1711	#FEF9FA	8
1712	#FEF9FA	8
1713	#FEF9FA	8
1714	#FEF9FA	8
1715	#FEF9FA	8
1716	#FFFFFF	1
1717	#FFFFFF	1
1718	#FFFFFF	1
1719	#FFFFFF	1
1720	#FAD4E0	4
1721	#FFFFFF	1
1722	#FFFFFF	1
1723	#FFFFFF	12
1724	#FFFFFF	12
1725	#FFFFFF	24
1726	#FFFEFE	3
1727	#FFFEFE	3
1728	#FEF9FA	8
1729	#FFFFFF	33
1730	#FFFFFF	33
1731	#FFFFFF	32
1732	#FFFFFF	2
1733	#FFFFFF	2
1734	#FFFFFF	32
1735	#FFFFFF	22
1736	#FFFFFF	22
1737	#FEF9FA	8
1738	#FEF9FA	8
1739	#FEF9FA	8
1740	#FEF9FA	8
1741	#FEF9FA	8
1742	#FEF9FA	8
1743	#FDEBF1	28
1744	#FAD4E0	4
1745	#FEF9FA	8
1746	#FEF9FA	8
1747	#FEF9FA	8
1748	#FEF9FA	8
1749	#FEF9FA	8
1750	#FEF9FA	8
1751	#FFFFFF	1
1752	#FFFFFF	1
1753	#FFFFFF	1
1754	#FFFFFF	1
1755	#FEF9FA	8
1756	#FFFFFF	1
1757	#FFFFFF	12
1758	#FFFFFF	12
1759	#FFFFFF	24
1760	#FFFEFE	3
1761	#FFFEFE	3
1762	#FFFEFE	3
1763	#FEF9FA	8
1764	#FFFFFF	33
1765	#FFFFFF	32
1766	#FFFFFF	2
1767	#FFFFFF	32
1768	#FFFFFF	2
1769	#FFFFFF	32
1770	#FFFFFF	22
1771	#FFFFFF	22
1772	#FEF9FA	8
1773	#FEF9FA	8
1774	#FEF9FA	8
1775	#FEF9FA	8
1776	#FEF9FA	8
1777	#FEF9FA	8
1778	#FDEBF1	28
1779	#FAD4E0	4
1780	#FEF9FA	8
1781	#FEF9FA	8
1782	#FEF9FA	8
1783	#FEF9FA	8
1784	#FEF9FA	8
1785	#FEF9FA	8
1786	#FEF9FA	8
1787	#FEF9FA	8
1788	#FFFFFF	1
1789	#FFFFFF	1
1790	#FAD4E0	4
1791	#FFFFFF	1
1792	#FFFFFF	12
1793	#FFFFFF	12
1794	#FFFFFF	24
1795	#FFFEFE	3
1796	#FFFEFE	3
1797	#FFFEFE	3
1798	#FEF9FA	8
1799	#FFFEFE	3
1800	#FFFFFF	32
1801	#FFFFFF	2
1802	#FFFFFF	32
1803	#FFFFFF	32
1804	#FFFFFF	32
1805	#FFFFFF	32
1806	#FFFFFF	32
1807	#FEF9FA	8
1808	#FEF9FA	8
1809	#FEF9FA	8
1810	#FEF9FA	8
1811	#FEF9FA	8
1812	#FEF9FA	8
1813	#FDEBF1	28
1814	#FAD4E0	4
1815	#FEF9FA	8
1816	#FEF9FA	8
1817	#FEF9FA	8
1818	#FEF9FA	8
1819	#FEF9FA	8
1820	#FEF9FA	8
1821	#FEF9FA	8
1822	#FFFFFF	1
1823	#FFFFFF	1
1824	#FFFFFF	1
1825	#FAD4E0	4
1826	#FFFFFF	12
1827	#FFFFFF	12
1828	#FFFFFF	24
1829	#FFFEFE	3
1830	#FFFEFE	3
1831	#FFFEFE	3
1832	#FFFEFE	3
1833	#FEF9FA	8
1834	#FFFFFF	2
1835	#FFFFFF	2
1836	#FFFFFF	32
1837	#FFFFFF	32
1838	#FFFFFF	32
1839	#FFFFFF	32
1840	#FFFFFF	32
1841	#FEF9FA	8
1842	#FEF9FA	8
1843	#FEF9FA	8
1844	#FEF9FA	8
1845	#FEF9FA	8
1846	#FEF9FA	8
1847	#FDEBF1	28
1848	#FAD4E0	4
1849	#FEF9FA	8
1850	#FEF9FA	8
1851	#FEF9FA	8
1852	#FEF9FA	8
1853	#FEF9FA	8
1854	#FEF9FA	8
1855	#FEF9FA	8
1856	#FEF9FA	8
1857	#FFFFFF	1
1858	#FFFFFF	1
1859	#FAD4E0	4
1860	#FFFFFF	12
1861	#FFFFFF	12
1862	#FFFFFF	24
1863	#FFFEFE	3
1864	#FFFEFE	3
1865	#FFFEFE	3
1866	#FFFEFE	3
1867	#F9CDDB	9
1868	#FFFFFF	2
1869	#FFFFFF	2
1870	#FFFFFF	32
1871	#FFFFFF	32
1872	#FFFFFF	32
1873	#FFFFFF	32
1874	#FFFFFF	32
1875	#FEF9FA	8
1876	#FEF9FA	8
1877	#FEF9FA	8
1878	#FEF9FA	8
1879	#FEF9FA	8
1880	#FEF9FA	8
1881	#FDEBF1	28
1882	#FAD4E0	4
1883	#FEF9FA	8
1884	#FEF9FA	8
1885	#FEF9FA	8
1886	#FEF9FA	8
1887	#FEF9FA	8
1888	#FEF9FA	8
1889	#FEF9FA	8
1890	#FEF9FA	8
1891	#FFFFFF	1
1892	#FFFFFF	12
1893	#F9CDDB	9
1894	#FFFFFF	12
1895	#FFFFFF	24
1896	#FFFEFE	3
1897	#FFFEFE	3
1898	#FFFEFE	3
1899	#FFFEFE	3
1900	#FFFFFF	2
1901	#F9CDDB	9
1902	#FFFFFF	2
1903	#FFFFFF	2
1904	#FFFFFF	32
1905	#FFFFFF	2
1906	#FFFFFF	32
1907	#FFFFFF	32
1908	#FEF9FA	8
1909	#FEF9FA	8
1910	#FEF9FA	8
1911	#FEF9FA	8
1912	#FEF9FA	8
1913	#FEF9FA	8
1914	#FDEBF1	28
1915	#FAD4E0	4
1916	#FEF9FA	8
1917	#FEF9FA	8
1918	#FEF9FA	8
1919	#FEF9FA	8
1920	#FEF9FA	8
1921	#FEF9FA	8
1922	#FEF9FA	8
1923	#FEF9FA	8
1924	#FEF9FA	8
1925	#FFFFFF	12
1926	#F9CDDB	9
1927	#FFFFFF	12
1928	#FFFFFF	24
1929	#FFFEFE	3
1930	#FFFEFE	3
1931	#FFFEFE	3
1932	#FFFEFE	3
1933	#FFFEFE	3
1934	#F9CDDB	9
1935	#FFFFFF	2
1936	#FFFFFF	2
1937	#FFFFFF	2
1938	#FFFFFF	2
1939	#FFFFFF	2
1940	#FFFFFF	32
1941	#F9CDDB	9
1942	#FEF9FA	8
1943	#FEF9FA	8
1944	#FEF9FA	8
1945	#FEF9FA	8
1946	#FEF9FA	8
1947	#FDEBF1	28
1948	#FAD4E0	4
1949	#FEF9FA	8
1950	#FEF9FA	8
1951	#FEF9FA	8
1952	#FEF9FA	8
1953	#FEF9FA	8
1954	#FEF9FA	8
1955	#FEF9FA	8
1956	#FEF9FA	8
1957	#FFFFFF	12
1958	#FFFFFF	12
1959	#F9CDDB	9
1960	#FFFFFF	24
1961	#FFFEFE	3
1962	#FFFEFE	3
1963	#FFFEFE	3
1964	#FFFEFE	3
1965	#FFFEFE	3
1966	#FFFFFF	2
1967	#F9CDDB	9
1968	#FFFFFF	2
1969	#FFFFFF	2
1970	#FFFFFF	2
1971	#FFFFFF	2
1972	#FFFFFF	32
1973	#F9CDDB	9
1974	#FEF9FA	8
1975	#FEF9FA	8
1976	#FEF9FA	8
1977	#FEF9FA	8
1978	#FEF9FA	8
1979	#FFFFFF	11
1980	#FFFFFF	11
1981	#FFFFFF	34
1982	#FFFFFF	34
1983	#FFFFFF	31
1991	#FCDFE8	18
1993	#FCDFE8	18
1994	#FFFFFF	37
1995	#FFFFFF	31
1996	#FFFFFF	34
1997	#FFFFFF	34
1998	#FFFFFF	34
1999	#FFFFFF	34
2000	#FFFFFF	11
2001	#FFFFFF	11
2002	#FFFFFF	34
2003	#FFFFFF	34
2004	#FFFFFF	31
2010	#FCDFE8	18
2012	#FCDFE8	18
2013	#FFFFFF	37
2014	#FFFFFF	31
2015	#FFFFFF	34
2016	#FFFFFF	34
2017	#FFFFFF	34
2018	#FFFFFF	34
2019	#FDEBF1	28
2020	#FAD4E0	4
2021	#FEF9FA	8
2022	#FEF9FA	8
2023	#FEF9FA	8
2024	#FEF9FA	8
2025	#FEF9FA	8
2026	#FEF9FA	8
2027	#FEF9FA	8
2028	#FEF9FA	8
2029	#FFFFFF	12
2030	#FFFFFF	12
2031	#FAD4E0	4
2032	#FFFFFF	24
2033	#FFFEFE	3
2034	#FFFEFE	3
2035	#FFFEFE	3
2036	#FFFEFE	3
2037	#FFFEFE	3
2038	#F9CDDB	9
2039	#FFFFFF	2
2040	#FFFFFF	2
2041	#FFFFFF	2
2042	#FFFFFF	32
2043	#FFFFFF	32
2044	#F9CDDB	9
2045	#F9CDDB	9
2046	#FEF9FA	8
2047	#FEF9FA	8
2048	#FEF9FA	8
2049	#FEF9FA	8
2050	#FDEBF1	28
2051	#FAD4E0	4
2052	#FEF9FA	8
2053	#FEF9FA	8
2054	#FEF9FA	8
2055	#FEF9FA	8
2056	#FEF9FA	8
2057	#FEF9FA	8
2058	#FEF9FA	8
2059	#FEF9FA	8
2060	#FFFFFF	12
2061	#FFFEFE	3
2062	#FAD4E0	4
2063	#FFFEFE	3
2064	#FFFEFE	3
2065	#FFFEFE	3
2066	#FFFEFE	3
2067	#FFFFFF	2
2068	#FFFFFF	2
2069	#FFFFFF	2
2070	#F9CDDB	9
2071	#FFFFFF	2
2072	#FFFFFF	2
2073	#FFFFFF	2
2074	#FFFFFF	32
2075	#F9CDDB	9
2076	#F9CDDB	9
2077	#FEF9FA	8
2078	#FEF9FA	8
2079	#F9CDDB	9
2080	#FEF9FA	8
2081	#FDEBF1	28
2082	#FDEBF1	28
2083	#FEF9FA	8
2084	#FEF9FA	8
2085	#FEF9FA	8
2086	#FEF9FA	8
2087	#FEF9FA	8
2088	#FEF9FA	8
2089	#FEF9FA	8
2090	#FEF9FA	8
2091	#FEF9FA	8
2092	#FFFEFE	3
2093	#FAD4E0	4
2094	#FFFEFE	3
2095	#FFFEFE	3
2096	#FFFEFE	3
2097	#FFFEFE	3
2098	#FFFEFE	3
2099	#FFFFFF	2
2100	#FFFFFF	2
2101	#FAD4E0	4
2102	#FFFFFF	2
2103	#FFFFFF	2
2104	#FFFFFF	2
2105	#FFFFFF	32
2106	#F9CDDB	9
2107	#F9CDDB	9
2108	#F9CDDB	9
2109	#FEF9FA	8
2110	#F9CDDB	9
2111	#F9CDDB	9
2112	#FDEBF1	28
2113	#FDEBF1	28
2114	#FEF9FA	8
2115	#FEF9FA	8
2116	#FEF9FA	8
2117	#FEF9FA	8
2118	#FEF9FA	8
2119	#FEF9FA	8
2120	#FEF9FA	8
2121	#FEF9FA	8
2122	#FFFEFE	3
2123	#FAD4E0	4
2124	#FFFEFE	3
2125	#FFFEFE	3
2126	#FFFEFE	3
2127	#FFFEFE	3
2128	#FFFEFE	3
2129	#FFFEFE	3
2130	#FFFFFF	2
2131	#F9CDDB	9
2132	#FFFFFF	2
2133	#FFFFFF	2
2134	#FFFFFF	32
2135	#F9CDDB	9
2136	#F9CDDB	9
2137	#F9CDDB	9
2138	#F9CDDB	9
2139	#F9CDDB	9
2140	#FEF9FA	8
2141	#FDEBF1	28
2142	#FDEBF1	28
2143	#FEF9FA	8
2144	#FEF9FA	8
2145	#FEF9FA	8
2146	#FEF9FA	8
2147	#FEF9FA	8
2148	#FEF9FA	8
2149	#FEF9FA	8
2150	#FEF9FA	8
2151	#FFFEFE	3
2152	#FAD4E0	4
2153	#FFFEFE	3
2154	#FFFEFE	3
2155	#FFFEFE	3
2156	#FFFEFE	3
2157	#FFFEFE	3
2158	#FFFFFF	2
2159	#FFFEFE	3
2160	#FFFFFF	2
2161	#F9CDDB	9
2162	#FFFFFF	2
2163	#FFFFFF	2
2164	#FFFFFF	32
2165	#F9CDDB	9
2166	#F9CDDB	9
2167	#F9CDDB	9
2168	#F9CDDB	9
2169	#F9CDDB	9
2170	#F9CDDB	9
2171	#FDEBF1	28
2172	#FAD4E0	4
2173	#FEF9FA	8
2174	#FEF9FA	8
2175	#FEF9FA	8
2176	#FEF9FA	8
2177	#FEF9FA	8
2178	#FFFFFF	30
2179	#FEF9FA	8
2180	#FFFEFE	3
2181	#FAD4E0	4
2182	#FFFEFE	3
2183	#FFFEFE	3
2184	#FFFEFE	3
2185	#FFFEFE	3
2186	#FFFEFE	3
2187	#FFFFFF	2
2188	#FFFEFE	3
2189	#FFFFFF	2
2190	#FFFFFF	2
2191	#F9CDDB	9
2192	#FFFFFF	2
2193	#FFFFFF	32
2194	#F9CDDB	9
2195	#F9CDDB	9
2196	#F9CDDB	9
2197	#F9CDDB	9
2198	#F9CDDB	9
2199	#FEF9FA	8
2200	#FDEBF1	28
2201	#FAD4E0	4
2202	#FEF9FA	8
2203	#FEF9FA	8
2204	#FEF9FA	8
2205	#FEF9FA	8
2206	#FEF9FA	8
2207	#FFFFFF	30
2208	#FFFFFF	30
2209	#FFFEFE	3
2210	#FFFEFE	3
2211	#FAD4E0	4
2212	#FFFEFE	3
2213	#FFFEFE	3
2214	#FFFEFE	3
2215	#FFFEFE	3
2216	#FFFEFE	3
2217	#FFFFFF	2
2218	#FFFEFE	3
2219	#FFFFFF	2
2220	#FFFFFF	2
2221	#FAD4E0	4
2222	#FFFFFF	5
2223	#FFFFFF	2
2224	#F9CDDB	9
2225	#F9CDDB	9
2226	#F9CDDB	9
2227	#F9CDDB	9
2228	#F9CDDB	9
2229	#FEF9FA	8
2230	#FAD4E0	4
2231	#FAD4E0	4
2232	#FEF9FA	8
2233	#FEF9FA	8
2234	#FEF9FA	8
2235	#FEF9FA	8
2236	#FFFFFF	30
2237	#FFFFFF	30
2238	#FFFEFE	3
2239	#FAD4E0	4
2240	#FFFFFF	17
2241	#FFFEFE	3
2242	#FFFEFE	3
2243	#FFFEFE	3
2244	#FFFFFF	2
2245	#FFFFFF	2
2246	#FFFEFE	3
2247	#FFFFFF	2
2248	#FFFFFF	2
2249	#FFFFFF	5
2250	#FAD4E0	4
2251	#FFFFFF	5
2252	#FFFFFF	5
2253	#F9CDDB	9
2254	#F9CDDB	9
2255	#F9CDDB	9
2256	#F9CDDB	9
2257	#FEF9FA	8
2258	#FEF9FA	8
2259	#DE5E93	6
2260	#FAD4E0	4
2261	#FEF9FA	8
2262	#FEF9FA	8
2263	#FEF9FA	8
2264	#FEF9FA	8
2265	#FFFFFF	30
2266	#FFFFFF	30
2267	#FFFEFE	3
2268	#FAD4E0	4
2269	#FFFFFF	17
2270	#FFFFFF	17
2271	#FFFEFE	3
2272	#FFFEFE	3
2273	#FFFEFE	3
2274	#FFFFFF	2
2275	#FFFEFE	3
2276	#FFFFFF	2
2277	#FFFFFF	2
2278	#FFFFFF	2
2279	#FAD4E0	4
2280	#FFFFFF	5
2281	#FAD4E0	4
2282	#F9CDDB	9
2283	#F9CDDB	9
2284	#FEF9FA	8
2285	#F9CDDB	9
2286	#FEF9FA	8
2287	#DE5E93	6
2288	#FAD4E0	4
2289	#FEF9FA	8
2290	#FEF9FA	8
2291	#FEF9FA	8
2292	#FFFFFF	30
2293	#FFFFFF	30
2294	#FFFEFE	3
2295	#FFFFFF	17
2296	#FAD4E0	4
2297	#FFFFFF	17
2298	#FFFFFF	17
2299	#FFFEFE	3
2300	#FFFEFE	3
2301	#FFFFFF	2
2302	#FFFFFF	2
2303	#FFFFFF	2
2304	#FFFFFF	2
2305	#FFFFFF	2
2306	#FAD4E0	4
2307	#FFFFFF	5
2308	#FAD4E0	4
2309	#F9CDDB	9
2310	#F9CDDB	9
2311	#FEF9FA	8
2312	#FEF9FA	8
2313	#FEF9FA	8
2318	#FFFFFF	11
2319	#FFFFFF	11
2320	#FFFFFF	34
2321	#FFFFFF	34
2322	#FFFFFF	34
2323	#FFFFFF	31
2329	#FCDFE8	18
2331	#FCDFE8	18
2332	#FFFFFF	37
2333	#FFFFFF	37
2334	#FFFFFF	31
2335	#FFFFFF	34
2336	#FFFFFF	34
2337	#FFFFFF	34
2338	#FFFFFF	11
2339	#FCDFE8	18
2340	#FFFFFF	34
2341	#FFFFFF	34
2342	#FFFFFF	34
2343	#FFFFFF	31
2349	#FCDFE8	18
2350	#FCDFE8	18
2351	#FFFFFF	37
2352	#FFFFFF	37
2353	#FFFFFF	31
2354	#FFFFFF	34
2355	#FFFFFF	34
2356	#FFFFFF	34
2357	#FFFFFF	11
2358	#FCDFE8	18
2359	#FFFFFF	34
2360	#FFFFFF	34
2361	#FFFFFF	34
2362	#FFFFFF	34
2363	#FFFFFF	31
2368	#FCDFE8	18
2369	#FCDFE8	18
2370	#FCDFE8	18
2371	#FCDFE8	18
2372	#FFFFFF	37
2373	#FFFFFF	31
2374	#FFFFFF	34
2375	#FFFFFF	34
2376	#E883A9	14
2377	#FCDFE8	18
2378	#FFFFFF	34
2379	#FFFFFF	34
2380	#FFFFFF	34
2381	#FFFFFF	34
2382	#FFFFFF	31
2386	#E883A9	14
2387	#FCDFE8	18
2388	#FCDFE8	18
2389	#FFFFFF	37
2390	#FFFFFF	37
2391	#FFFFFF	31
2392	#FFFFFF	34
2393	#FFFFFF	34
2394	#FFFFFF	40
2395	#E883A9	14
2396	#FFFFFF	34
2397	#FFFFFF	34
2398	#FFFFFF	34
2399	#FFFFFF	34
2400	#FFFFFF	34
2401	#FFFFFF	31
2404	#E883A9	14
2405	#FCDFE8	18
2406	#FCDFE8	18
2407	#FCDFE8	18
2408	#FCDFE8	18
2409	#FFFFFF	37
2410	#FFFFFF	31
2411	#FFFFFF	34
2412	#FFFFFF	40
2413	#E883A9	14
2414	#FFFFFF	34
2415	#FFFFFF	34
2416	#FFFFFF	34
2417	#FFFFFF	34
2418	#FFFFFF	34
2419	#FFFFFF	31
2421	#E883A9	14
2422	#FCDFE8	18
2423	#FCDFE8	18
2424	#FCDFE8	18
2425	#FFFFFF	37
2426	#FFFFFF	37
2427	#FFFFFF	31
2428	#FFFFFF	34
2429	#FFFFFF	40
2430	#E883A9	14
2431	#FFFFFF	34
2432	#FFFFFF	34
2433	#FFFFFF	34
2434	#FFFFFF	34
2435	#FFFFFF	34
2436	#FFFFFF	31
2437	#FFFFFF	10
2439	#E883A9	14
2440	#FCDFE8	18
2441	#FCDFE8	18
2442	#FCDFE8	18
2443	#FFFFFF	37
2444	#FFFFFF	37
2445	#FFFFFF	37
2446	#FFFFFF	31
2447	#E883A9	14
2448	#E883A9	14
2449	#FFFFFF	34
2450	#FFFFFF	34
2451	#FFFFFF	31
2452	#FFFFFF	31
2453	#FFFFFF	31
2454	#FFFFFF	10
2455	#FFFFFF	10
2456	#FCDFE8	18
2457	#FCDFE8	18
2458	#FCDFE8	18
2459	#FCDFE8	18
2460	#FFFFFF	37
2461	#FFFFFF	37
2462	#FFFFFF	37
2463	#FFFFFF	31
2464	#E984AA	42
2465	#E883A9	14
2466	#FFFFFF	31
2467	#FFFFFF	34
2468	#FFFFFF	31
2469	#FFFFFF	31
2470	#FFFFFF	31
2471	#FFFFFF	10
2472	#FFFFFF	10
2473	#FFFFFF	10
2474	#E883A9	14
2475	#FCDFE8	18
2476	#FCDFE8	18
2477	#FCDFE8	18
2478	#FCDFE8	18
2479	#FFFFFF	37
2480	#FFFFFF	37
2481	#FFFFFF	37
2482	#E984AA	42
2483	#E883A9	14
2484	#FFFFFF	31
2485	#FFFFFF	31
2486	#FFFFFF	31
2487	#FFFFFF	31
2488	#FFFFFF	10
2489	#FFFFFF	10
2490	#FFFFFF	10
2491	#FFFFFF	10
2492	#E883A9	14
2493	#FCDFE8	18
2494	#FCDFE8	18
2495	#FFFFFF	37
2496	#FCDFE8	18
2497	#FFFFFF	37
2498	#FFFFFF	37
2499	#FFFFFF	37
2500	#FFFFFF	11
2501	#FFFFFF	16
2509	#FFFFFF	16
2515	#FFFFFF	16
2516	#FFFFFF	34
2517	#FFFFFF	34
2518	#FFFFFF	34
2519	#FFFFFF	34
2520	#FFFFFF	31
2522	#FFFFFF	11
2523	#FFFFFF	16
2532	#FFFFFF	16
2538	#FFFFFF	16
2539	#FFFFFF	34
2540	#FFFFFF	34
2541	#FFFFFF	34
2542	#FFFFFF	31
2545	#FFFFFF	11
2546	#FFFFFF	11
2554	#FFFFFF	16
2561	#FFFFFF	16
2562	#FFFFFF	16
2563	#FFFFFF	34
2564	#FFFFFF	34
2565	#FFFFFF	31
2568	#FFFFFF	11
2569	#FFFFFF	16
2577	#FFFFFF	16
2584	#FFFFFF	16
2585	#FFFFFF	16
2586	#FFFFFF	34
2587	#FFFFFF	31
2591	#FFFFFF	11
2592	#FFFFFF	16
2600	#FFFFFF	16
2607	#FFFFFF	16
2608	#FFFFFF	16
2609	#FFFFFF	16
2610	#FFFFFF	31
2614	#FFFFFF	11
2615	#FFFFFF	16
2623	#FFFFFF	16
2631	#FFFFFF	16
2632	#FFFFFF	16
2633	#FFFFFF	31
2638	#FFFFFF	11
2639	#FFFFFF	16
2647	#FFFFFF	16
2656	#FFFFFF	16
2657	#FFFFFF	16
2658	#FFFFFF	31
2663	#FFFFFF	11
2664	#FFFFFF	16
2672	#FFFFFF	16
2681	#FFFFFF	16
2682	#FFFFFF	31
2688	#FFFFFF	11
2689	#FFFFFF	16
2697	#FFFFFF	16
2707	#FFFFFF	16
2708	#FFFFFF	31
2714	#FFFFFF	11
2715	#FFFFFF	16
2723	#FFFFFF	16
2733	#FFFFFF	31
