group	x	y	clickSelects	showSelected1
34	-25.25	-0.25	27	5600,0
34	-25.25	0.25	27	5600,0
34	-24.75	0.25	27	5600,0
34	-24.75	-0.25	27	5600,0
34	-25.25	-0.25	27	5600,0
13	-24.25	0.75	2	5600,0
13	-24.25	1.25	2	5600,0
13	-23.75	1.75	2	5600,0
13	-23.25	1.75	2	5600,0
13	-23.25	1.25	2	5600,0
13	-23.75	0.75	2	5600,0
13	-24.25	0.75	2	5600,0
13	-43.25	31.75	2	5650,0
13	-43.25	32.25	2	5650,0
13	-42.75	32.25	2	5650,0
13	-42.75	31.75	2	5650,0
13	-43.25	31.75	2	5650,0
14	-22.25	2.75	2	5600,0
14	-22.25	3.25	2	5600,0
14	-21.75	3.25	2	5600,0
14	-21.75	2.75	2	5600,0
14	-22.25	2.75	2	5600,0
14	-33.75	41.25	2	5650,0
14	-33.75	41.75	2	5650,0
14	-33.25	41.75	2	5650,0
14	-33.25	41.25	2	5650,0
14	-33.75	41.25	2	5650,0
15	-17.75	7.25	2	5600,0
15	-17.75	7.75	2	5600,0
15	-17.25	7.75	2	5600,0
15	-17.25	7.25	2	5600,0
15	-17.75	7.25	2	5600,0
15	-44.75	28.25	2	5650,0
15	-44.75	28.75	2	5650,0
15	-44.25	29.25	2	5650,0
15	-43.25	29.25	2	5650,0
15	-42.75	29.75	2	5650,0
15	-42.75	30.75	2	5650,0
15	-40.75	32.75	2	5650,0
15	-39.75	32.75	2	5650,0
15	-39.75	33.75	2	5650,0
15	-39.25	34.25	2	5650,0
15	-38.75	34.25	2	5650,0
15	-38.25	33.75	2	5650,0
15	-38.25	33.25	2	5650,0
15	-38.75	32.75	2	5650,0
15	-38.75	32.25	2	5650,0
15	-38.25	31.75	2	5650,0
15	-37.75	31.75	2	5650,0
15	-36.75	32.75	2	5650,0
15	-36.25	32.75	2	5650,0
15	-36.25	32.25	2	5650,0
15	-37.25	31.25	2	5650,0
15	-37.25	30.25	2	5650,0
15	-38.25	29.25	2	5650,0
15	-40.25	29.25	2	5650,0
15	-40.25	27.25	2	5650,0
15	-40.75	27.25	2	5650,0
15	-41.25	27.75	2	5650,0
15	-41.25	28.75	2	5650,0
15	-41.75	28.75	2	5650,0
15	-44.25	26.25	2	5650,0
15	-44.25	25.75	2	5650,0
15	-43.75	25.75	2	5650,0
15	-42.25	27.25	2	5650,0
15	-41.75	27.25	2	5650,0
15	-41.75	26.75	2	5650,0
15	-43.25	25.25	2	5650,0
15	-43.25	24.25	2	5650,0
15	-44.75	24.25	2	5650,0
15	-44.75	28.25	2	5650,0
16	-23.25	-0.25	2	5600,0
16	-23.25	0.25	2	5600,0
16	-22.75	0.75	2	5600,0
16	-22.25	0.75	2	5600,0
16	-21.75	0.25	2	5600,0
16	-21.75	-0.25	2	5600,0
16	-23.25	-0.25	2	5600,0
16	-32.75	40.25	2	5650,0
16	-32.75	40.75	2	5650,0
16	-32.25	40.75	2	5650,0
16	-31.25	39.75	2	5650,0
16	-31.25	39.25	2	5650,0
16	-31.75	38.75	2	5650,0
16	-31.75	38.25	2	5650,0
16	-29.75	38.25	2	5650,0
16	-29.75	37.75	2	5650,0
16	-31.25	36.25	2	5650,0
16	-31.25	35.25	2	5650,0
16	-31.75	34.75	2	5650,0
16	-32.75	34.75	2	5650,0
16	-32.75	34.25	2	5650,0
16	-32.25	33.75	2	5650,0
16	-32.25	33.25	2	5650,0
16	-32.75	33.25	2	5650,0
16	-33.25	33.75	2	5650,0
16	-33.75	33.75	2	5650,0
16	-34.25	33.25	2	5650,0
16	-34.75	33.25	2	5650,0
16	-34.75	34.25	2	5650,0
16	-35.25	34.25	2	5650,0
16	-35.25	33.25	2	5650,0
16	-35.75	33.25	2	5650,0
16	-36.75	34.25	2	5650,0
16	-36.75	34.75	2	5650,0
16	-34.75	36.75	2	5650,0
16	-34.75	37.75	2	5650,0
16	-32.75	39.75	2	5650,0
16	-32.75	40.25	2	5650,0
17	-21.75	1.25	2	5600,0
17	-21.75	1.75	2	5600,0
17	-21.25	1.75	2	5600,0
17	-21.25	1.25	2	5600,0
17	-21.75	1.25	2	5600,0
17	-33.75	35.25	2	5650,0
17	-33.75	35.75	2	5650,0
17	-33.25	35.75	2	5650,0
17	-33.25	35.25	2	5650,0
17	-33.75	35.25	2	5650,0
18	-20.75	2.25	2	5600,0
18	-20.75	2.75	2	5600,0
18	-18.75	4.75	2	5600,0
18	-18.25	4.75	2	5600,0
18	-17.75	4.25	2	5600,0
18	-17.75	3.75	2	5600,0
18	-19.75	1.75	2	5600,0
18	-19.75	1.25	2	5600,0
18	-19.25	0.75	2	5600,0
18	-18.25	0.75	2	5600,0
18	-18.25	0.25	2	5600,0
18	-18.75	-0.25	2	5600,0
18	-19.25	-0.25	2	5600,0
18	-19.75	0.25	2	5600,0
18	-20.75	0.25	2	5600,0
18	-20.75	0.75	2	5600,0
18	-20.25	1.25	2	5600,0
18	-20.25	1.75	2	5600,0
18	-20.75	2.25	2	5600,0
19	-15.75	7.25	2	5600,0
19	-15.75	7.75	2	5600,0
19	-11.75	11.75	2	5600,0
19	-11.25	11.75	2	5600,0
19	-11.25	11.25	2	5600,0
19	-15.25	7.25	2	5600,0
19	-15.75	7.25	2	5600,0
20	-10.75	12.25	2	5600,0
20	-10.75	12.75	2	5600,0
20	-5.25	18.25	2	5600,0
20	-4.25	18.25	2	5600,0
20	-4.25	19.25	2	5600,0
20	2.75	26.25	2	5600,0
20	3.75	26.25	2	5600,0
20	4.75	27.25	2	5600,0
20	4.75	28.25	2	5600,0
20	5.25	28.25	2	5600,0
20	5.25	23.75	2	5600,0
20	2.75	21.25	2	5600,0
20	1.75	21.25	2	5600,0
20	1.75	20.25	2	5600,0
20	-0.75	17.75	2	5600,0
20	-1.75	17.75	2	5600,0
20	-1.75	16.75	2	5600,0
20	-13.75	4.75	2	5600,0
20	-13.75	4.25	2	5600,0
20	-13.25	3.75	2	5600,0
20	-13.25	3.25	2	5600,0
20	-13.75	3.25	2	5600,0
20	-15.75	5.25	2	5600,0
20	-15.75	5.75	2	5600,0
20	-15.25	5.75	2	5600,0
20	-14.75	5.25	2	5600,0
20	-14.25	5.25	2	5600,0
20	-3.25	16.25	2	5600,0
20	-3.25	17.25	2	5600,0
20	-2.75	17.75	2	5600,0
20	-2.75	18.25	2	5600,0
20	-3.25	18.25	2	5600,0
20	-4.25	17.25	2	5600,0
20	-5.25	17.25	2	5600,0
20	-5.75	16.75	2	5600,0
20	-5.75	15.75	2	5600,0
20	-9.25	12.25	2	5600,0
20	-10.75	12.25	2	5600,0
21	-1.25	20.75	2	5600,0
21	-1.25	21.25	2	5600,0
21	-0.75	21.25	2	5600,0
21	-0.75	20.75	2	5600,0
21	-1.25	20.75	2	5600,0
5	-23.25	1.75	13	5600,0
5	-23.25	2.25	13	5600,0
5	-22.75	2.75	13	5600,0
5	-22.25	2.75	13	5600,0
5	-22.25	2.25	13	5600,0
5	-22.75	1.75	13	5600,0
5	-23.25	1.75	13	5600,0
6	-21.25	-0.25	13	5600,0
6	-21.25	0.25	13	5600,0
6	-20.75	0.25	13	5600,0
6	-20.75	-0.25	13	5600,0
6	-21.25	-0.25	13	5600,0
8	-21.75	3.25	15	5600,0
8	-21.75	3.75	15	5600,0
8	-19.75	5.75	15	5600,0
8	-19.25	5.75	15	5600,0
8	-19.25	5.25	15	5600,0
8	-21.25	3.25	15	5600,0
8	-21.75	3.25	15	5600,0
60	-17.25	7.75	5	5600,0
60	-17.25	8.25	5	5600,0
60	4.75	30.25	5	5600,0
60	5.25	30.25	5	5600,0
60	5.25	29.75	5	5600,0
60	-16.75	7.75	5	5600,0
60	-17.25	7.75	5	5600,0
60	-44.75	30.25	5	5650,0
60	-44.75	30.75	5	5650,0
60	-43.75	31.75	5	5650,0
60	-43.25	31.75	5	5650,0
60	-43.25	30.75	5	5650,0
60	-42.75	30.25	5	5650,0
60	-42.75	29.75	5	5650,0
60	-43.25	29.25	5	5650,0
60	-43.75	29.25	5	5650,0
60	-43.75	30.25	5	5650,0
60	-44.75	30.25	5	5650,0
61	3.25	26.25	5	5600,0
61	3.25	26.75	5	5600,0
61	4.25	27.75	5	5600,0
61	4.75	27.75	5	5600,0
61	4.75	27.25	5	5600,0
61	3.75	26.25	5	5600,0
61	3.25	26.25	5	5600,0
62	-15.75	6.25	5	5600,0
62	-15.75	6.75	5	5600,0
62	-10.25	12.25	5	5600,0
62	-9.25	12.25	5	5600,0
62	-5.75	15.75	5	5600,0
62	-5.75	16.75	5	5600,0
62	-5.25	17.25	5	5600,0
62	-4.25	17.25	5	5600,0
62	-3.25	18.25	5	5600,0
62	-2.75	18.25	5	5600,0
62	-2.75	17.75	5	5600,0
62	-3.25	17.25	5	5600,0
62	-3.25	16.25	5	5600,0
62	-14.25	5.25	5	5600,0
62	-14.75	5.25	5	5600,0
62	-15.75	6.25	5	5600,0
43	-42.75	32.25	32	5650,0
43	-42.75	32.75	32	5650,0
43	-37.25	38.25	32	5650,0
43	-36.75	38.25	32	5650,0
43	-36.75	37.75	32	5650,0
43	-42.25	32.25	32	5650,0
43	-42.75	32.25	32	5650,0
44	-40.25	32.75	32	5650,0
44	-40.25	33.25	32	5650,0
44	-39.75	33.25	32	5650,0
44	-39.75	32.75	32	5650,0
44	-40.25	32.75	32	5650,0
45	-38.75	34.25	32	5650,0
45	-38.75	34.75	32	5650,0
45	-37.25	36.25	32	5650,0
45	-36.25	36.25	32	5650,0
45	-35.25	37.25	32	5650,0
45	-34.75	37.25	32	5650,0
45	-34.75	36.75	32	5650,0
45	-36.75	34.75	32	5650,0
45	-36.75	34.25	32	5650,0
45	-36.25	33.75	32	5650,0
45	-36.25	33.25	32	5650,0
45	-37.75	31.75	32	5650,0
45	-38.25	31.75	32	5650,0
45	-38.75	32.25	32	5650,0
45	-38.75	32.75	32	5650,0
45	-38.25	33.25	32	5650,0
45	-38.25	33.75	32	5650,0
45	-38.75	34.25	32	5650,0
46	-37.25	30.75	32	5650,0
46	-37.25	31.25	32	5650,0
46	-35.25	33.25	32	5650,0
46	-34.25	33.25	32	5650,0
46	-33.75	33.75	32	5650,0
46	-33.25	33.75	32	5650,0
46	-32.75	33.25	32	5650,0
46	-32.25	33.25	32	5650,0
46	-32.25	33.75	32	5650,0
46	-32.75	34.25	32	5650,0
46	-32.75	34.75	32	5650,0
46	-31.75	34.75	32	5650,0
46	-31.25	35.25	32	5650,0
46	-31.25	36.25	32	5650,0
46	-29.75	37.75	32	5650,0
46	-29.25	37.75	32	5650,0
46	-27.75	36.25	32	5650,0
46	-27.75	35.75	32	5650,0
46	-29.75	33.75	32	5650,0
46	-30.75	33.75	32	5650,0
46	-32.25	32.25	32	5650,0
46	-32.25	31.25	32	5650,0
46	-32.75	30.75	32	5650,0
46	-33.25	30.75	32	5650,0
46	-33.75	31.25	32	5650,0
46	-33.75	32.25	32	5650,0
46	-35.25	32.25	32	5650,0
46	-36.75	30.75	32	5650,0
46	-37.25	30.75	32	5650,0
47	-29.75	29.25	32	5650,0
47	-29.75	29.75	32	5650,0
47	-25.75	33.75	32	5650,0
47	-25.25	33.75	32	5650,0
47	-24.75	33.25	32	5650,0
47	-24.75	32.75	32	5650,0
47	-27.75	29.75	32	5650,0
47	-27.75	29.25	32	5650,0
47	-25.75	27.25	32	5650,0
47	-25.25	27.25	32	5650,0
47	-25.25	27.75	32	5650,0
47	-25.75	28.25	32	5650,0
47	-25.75	28.75	32	5650,0
47	-25.25	28.75	32	5650,0
47	-23.75	27.25	32	5650,0
47	-23.75	26.75	32	5650,0
47	-24.25	26.25	32	5650,0
47	-24.25	25.75	32	5650,0
47	-23.75	25.75	32	5650,0
47	-23.25	26.25	32	5650,0
47	-22.75	26.25	32	5650,0
47	-16.25	19.75	32	5650,0
47	-16.25	17.75	32	5650,0
47	-11.75	13.25	32	5650,0
47	-11.75	12.75	32	5650,0
47	-12.25	12.75	32	5650,0
47	-16.75	17.25	32	5650,0
47	-17.75	17.25	32	5650,0
47	-21.75	21.25	32	5650,0
47	-21.75	22.25	32	5650,0
47	-22.25	22.75	32	5650,0
47	-23.25	22.75	32	5650,0
47	-24.25	23.75	32	5650,0
47	-24.25	24.75	32	5650,0
47	-28.25	28.75	32	5650,0
47	-28.25	29.75	32	5650,0
47	-28.75	29.75	32	5650,0
47	-29.25	29.25	32	5650,0
47	-29.75	29.25	32	5650,0
24	-36.75	38.25	22	5650,0
24	-36.75	38.75	22	5650,0
24	-35.75	39.75	22	5650,0
24	-35.25	39.75	22	5650,0
24	-35.25	39.25	22	5650,0
24	-36.25	38.25	22	5650,0
24	-36.75	38.25	22	5650,0
25	-36.75	36.25	22	5650,0
25	-36.75	36.75	22	5650,0
25	-35.75	37.75	22	5650,0
25	-35.25	37.75	22	5650,0
25	-35.25	37.25	22	5650,0
25	-36.25	36.25	22	5650,0
25	-36.75	36.25	22	5650,0
54	-35.25	39.75	39	5650,0
54	-35.25	40.25	39	5650,0
54	-34.25	41.25	39	5650,0
54	-33.75	41.25	39	5650,0
54	-33.75	40.75	39	5650,0
54	-34.75	39.75	39	5650,0
54	-35.25	39.75	39	5650,0
55	-35.25	37.75	39	5650,0
55	-35.25	38.25	39	5650,0
55	-33.25	40.25	39	5650,0
55	-32.75	40.25	39	5650,0
55	-32.75	39.75	39	5650,0
55	-34.75	37.75	39	5650,0
55	-35.25	37.75	39	5650,0
58	-19.75	1.25	41	5600,0
58	-19.75	1.75	41	5600,0
58	-19.25	2.25	41	5600,0
58	-18.75	2.25	41	5600,0
58	-18.25	1.75	41	5600,0
58	-17.75	1.75	41	5600,0
58	-16.75	2.75	41	5600,0
58	-16.25	2.75	41	5600,0
58	-16.25	2.25	41	5600,0
58	-17.75	0.75	41	5600,0
58	-19.25	0.75	41	5600,0
58	-19.75	1.25	41	5600,0
33	-18.75	2.25	26	5600,0
33	-18.75	2.75	26	5600,0
33	-17.75	3.75	26	5600,0
33	-17.25	3.75	26	5600,0
33	-16.75	3.25	26	5600,0
33	-16.75	2.75	26	5600,0
33	-17.75	1.75	26	5600,0
33	-18.25	1.75	26	5600,0
33	-18.75	2.25	26	5600,0
53	-20.25	-0.25	38	5600,0
53	-20.25	0.25	38	5600,0
53	-19.75	0.25	38	5600,0
53	-19.75	-0.25	38	5600,0
53	-20.25	-0.25	38	5600,0
38	-44.25	25.75	3	5650,0
38	-44.25	26.25	3	5650,0
38	-41.75	28.75	3	5650,0
38	-41.25	28.75	3	5650,0
38	-41.25	28.25	3	5650,0
38	-43.75	25.75	3	5650,0
38	-44.25	25.75	3	5650,0
38	-13.75	4.25	3	5600,0
38	-13.75	4.75	3	5600,0
38	4.75	23.25	3	5600,0
38	5.25	23.25	3	5600,0
38	5.25	21.75	3	5600,0
38	-12.75	3.75	3	5600,0
38	-13.25	3.75	3	5600,0
38	-13.75	4.25	3	5600,0
39	-44.75	23.25	3	5650,0
39	-44.75	23.75	3	5650,0
39	-44.25	24.25	3	5650,0
39	-43.25	24.25	3	5650,0
39	-43.25	25.25	3	5650,0
39	-41.25	27.25	3	5650,0
39	-40.25	27.25	3	5650,0
39	-40.25	28.25	3	5650,0
39	-39.25	29.25	3	5650,0
39	-38.25	29.25	3	5650,0
39	-37.25	30.25	3	5650,0
39	-36.75	30.25	3	5650,0
39	-35.25	28.75	3	5650,0
39	-35.25	28.25	3	5650,0
39	-42.75	20.75	3	5650,0
39	-43.25	20.75	3	5650,0
39	-44.75	22.25	3	5650,0
39	-44.75	23.25	3	5650,0
39	0.25	13.25	3	5600,0
39	0.25	13.75	3	5600,0
39	0.75	13.75	3	5600,0
39	0.75	13.25	3	5600,0
39	0.25	13.25	3	5600,0
40	-43.25	17.75	3	5650,0
40	-43.25	18.25	3	5650,0
40	-42.25	18.25	3	5650,0
40	-40.75	19.75	3	5650,0
40	-40.25	19.75	3	5650,0
40	-40.25	19.25	3	5650,0
40	-44.25	15.25	3	5650,0
40	-44.75	15.25	3	5650,0
40	-44.75	15.75	3	5650,0
40	-43.25	17.25	3	5650,0
40	-43.25	17.75	3	5650,0
40	-9.25	0.75	3	5600,0
40	-9.25	1.25	3	5600,0
40	4.75	15.25	3	5600,0
40	5.25	15.25	3	5600,0
40	5.25	14.75	3	5600,0
40	-8.75	0.75	3	5600,0
40	-9.25	0.75	3	5600,0
51	-18.25	-0.25	36	5600,0
51	-18.25	0.25	36	5600,0
51	-16.25	2.25	36	5600,0
51	-15.75	2.25	36	5600,0
51	-15.25	1.75	36	5600,0
51	-15.25	1.25	36	5600,0
51	-16.75	-0.25	36	5600,0
51	-18.25	-0.25	36	5600,0
48	-36.75	30.25	33	5650,0
48	-36.75	30.75	33	5650,0
48	-35.25	32.25	33	5650,0
48	-33.75	32.25	33	5650,0
48	-33.75	31.25	33	5650,0
48	-33.25	30.75	33	5650,0
48	-33.25	30.25	33	5650,0
48	-34.75	28.75	33	5650,0
48	-35.25	28.75	33	5650,0
48	-36.75	30.25	33	5650,0
22	-16.25	-0.25	20	5600,0
22	-16.25	0.25	20	5600,0
22	-15.25	1.25	20	5600,0
22	-14.75	1.25	20	5600,0
22	-13.75	0.25	20	5600,0
22	-13.75	-0.25	20	5600,0
22	-16.25	-0.25	20	5600,0
36	-13.25	2.75	29	5600,0
36	-13.25	3.25	29	5600,0
36	-0.75	15.75	29	5600,0
36	-0.25	15.75	29	5600,0
36	0.75	14.75	29	5600,0
36	0.75	14.25	29	5600,0
36	-11.75	1.75	29	5600,0
36	-12.25	1.75	29	5600,0
36	-13.25	2.75	29	5600,0
37	-10.25	-0.25	29	5600,0
37	-10.25	0.25	29	5600,0
37	-9.75	0.75	29	5600,0
37	-9.25	0.75	29	5600,0
37	-9.25	0.25	29	5600,0
37	-9.75	-0.25	29	5600,0
37	-10.25	-0.25	29	5600,0
10	-0.25	15.75	17	5600,0
10	-0.25	16.25	17	5600,0
10	4.75	21.25	17	5600,0
10	5.25	21.25	17	5600,0
10	5.25	18.75	17	5600,0
10	1.25	14.75	17	5600,0
10	0.75	14.75	17	5600,0
10	-0.25	15.75	17	5600,0
10	-44.75	21.25	17	5650,0
10	-44.75	21.75	17	5650,0
10	-44.25	21.75	17	5650,0
10	-43.25	20.75	17	5650,0
10	-43.25	20.25	17	5650,0
10	-44.25	19.25	17	5650,0
10	-44.75	19.25	17	5650,0
10	-44.75	21.25	17	5650,0
27	-32.25	31.75	24	5650,0
27	-32.25	32.25	24	5650,0
27	-30.75	33.75	24	5650,0
27	-30.25	33.75	24	5650,0
27	-30.25	33.25	24	5650,0
27	-31.75	31.75	24	5650,0
27	-32.25	31.75	24	5650,0
28	-40.25	19.75	24	5650,0
28	-40.25	20.25	24	5650,0
28	-30.75	29.75	24	5650,0
28	-30.25	29.75	24	5650,0
28	-30.25	29.25	24	5650,0
28	-39.75	19.75	24	5650,0
28	-40.25	19.75	24	5650,0
29	-29.75	30.25	24	5650,0
29	-29.75	30.75	24	5650,0
29	-29.25	30.75	24	5650,0
29	-29.25	30.25	24	5650,0
29	-29.75	30.25	24	5650,0
30	-28.75	31.25	24	5650,0
30	-28.75	31.75	24	5650,0
30	-27.25	33.25	24	5650,0
30	-26.75	33.25	24	5650,0
30	-26.75	32.75	24	5650,0
30	-28.25	31.25	24	5650,0
30	-28.75	31.25	24	5650,0
31	-26.25	33.75	24	5650,0
31	-26.25	34.25	24	5650,0
31	-25.75	34.25	24	5650,0
31	-25.75	33.75	24	5650,0
31	-26.25	33.75	24	5650,0
63	-9.25	-0.25	6	5600,0
63	-9.25	0.25	6	5600,0
63	-8.25	1.25	6	5600,0
63	-7.75	1.25	6	5600,0
63	-7.25	0.75	6	5600,0
63	-6.75	0.75	6	5600,0
63	-5.75	1.75	6	5600,0
63	-5.25	1.75	6	5600,0
63	-4.25	0.75	6	5600,0
63	4.75	0.75	6	5600,0
63	5.25	0.25	6	5600,0
63	5.25	-0.25	6	5600,0
63	-9.25	-0.25	6	5600,0
63	-44.75	0.25	6	5650,0
63	-44.75	0.75	6	5650,0
63	-44.25	0.75	6	5650,0
63	-43.75	0.25	6	5650,0
63	-43.75	-0.25	6	5650,0
63	-44.25	-0.25	6	5650,0
63	-44.75	0.25	6	5650,0
66	-7.75	1.25	9	5600,0
66	-7.75	1.75	9	5600,0
66	-3.75	5.75	9	5600,0
66	-3.25	5.75	9	5600,0
66	-0.75	3.25	9	5600,0
66	-0.25	3.25	9	5600,0
66	0.75	4.25	9	5600,0
66	0.75	5.25	9	5600,0
66	1.75	5.25	9	5600,0
66	2.25	5.75	9	5600,0
66	3.25	5.75	9	5600,0
66	4.75	7.25	9	5600,0
66	5.25	7.25	9	5600,0
66	5.25	4.75	9	5600,0
66	1.75	1.25	9	5600,0
66	1.25	1.25	9	5600,0
66	0.75	1.75	9	5600,0
66	-1.25	1.75	9	5600,0
66	-3.25	3.75	9	5600,0
66	-3.75	3.75	9	5600,0
66	-6.75	0.75	9	5600,0
66	-7.25	0.75	9	5600,0
66	-7.75	1.25	9	5600,0
66	-44.25	7.75	9	5650,0
66	-44.25	8.25	9	5650,0
66	-43.25	8.25	9	5650,0
66	-42.25	9.25	9	5650,0
66	-40.75	9.25	9	5650,0
66	-40.25	8.75	9	5650,0
66	-40.25	8.25	9	5650,0
66	-41.25	7.25	9	5650,0
66	-41.25	6.75	9	5650,0
66	-37.75	3.25	9	5650,0
66	-37.75	2.75	9	5650,0
66	-38.75	1.75	9	5650,0
66	-39.25	1.75	9	5650,0
66	-40.75	3.25	9	5650,0
66	-41.25	3.25	9	5650,0
66	-41.75	2.75	9	5650,0
66	-42.25	2.75	9	5650,0
66	-44.75	5.25	9	5650,0
66	-44.75	6.75	9	5650,0
66	-43.75	6.75	9	5650,0
66	-43.75	7.25	9	5650,0
66	-44.25	7.75	9	5650,0
65	-3.25	5.75	8	5600,0
65	-3.25	6.25	8	5600,0
65	2.75	12.25	8	5600,0
65	3.25	12.25	8	5600,0
65	3.75	11.75	8	5600,0
65	4.25	11.75	8	5600,0
65	4.75	12.25	8	5600,0
65	5.25	12.25	8	5600,0
65	5.25	7.75	8	5600,0
65	3.25	5.75	8	5600,0
65	2.25	5.75	8	5600,0
65	1.75	5.25	8	5600,0
65	0.75	5.25	8	5600,0
65	0.75	4.25	8	5600,0
65	-0.25	3.25	8	5600,0
65	-0.75	3.25	8	5600,0
65	-3.25	5.75	8	5600,0
65	-42.75	16.25	8	5650,0
65	-42.75	16.75	8	5650,0
65	-41.25	18.25	8	5650,0
65	-40.75	18.25	8	5650,0
65	-40.25	17.75	8	5650,0
65	-39.75	17.75	8	5650,0
65	-39.25	18.25	8	5650,0
65	-38.75	18.25	8	5650,0
65	-37.75	17.25	8	5650,0
65	-36.75	17.25	8	5650,0
65	-36.75	16.25	8	5650,0
65	-35.25	14.75	8	5650,0
65	-35.25	14.25	8	5650,0
65	-35.75	13.75	8	5650,0
65	-35.75	12.25	8	5650,0
65	-31.75	8.25	8	5650,0
65	-30.25	8.25	8	5650,0
65	-29.75	8.75	8	5650,0
65	-29.25	8.75	8	5650,0
65	-28.25	7.75	8	5650,0
65	-27.25	7.75	8	5650,0
65	-26.25	6.75	8	5650,0
65	-26.25	5.75	8	5650,0
65	-24.75	4.25	8	5650,0
65	-23.25	4.25	8	5650,0
65	-22.75	4.75	8	5650,0
65	-22.25	4.75	8	5650,0
65	-22.25	4.25	8	5650,0
65	-22.75	3.75	8	5650,0
65	-22.75	3.25	8	5650,0
65	-21.75	2.25	8	5650,0
65	-21.75	1.75	8	5650,0
65	-22.25	1.75	8	5650,0
65	-22.75	2.25	8	5650,0
65	-23.75	2.25	8	5650,0
65	-24.75	3.25	8	5650,0
65	-26.25	3.25	8	5650,0
65	-26.75	2.75	8	5650,0
65	-27.25	2.75	8	5650,0
65	-29.25	4.75	8	5650,0
65	-29.25	5.75	8	5650,0
65	-30.75	7.25	8	5650,0
65	-31.25	7.25	8	5650,0
65	-31.25	6.75	8	5650,0
65	-30.75	6.25	8	5650,0
65	-30.75	5.75	8	5650,0
65	-31.25	5.75	8	5650,0
65	-31.75	6.25	8	5650,0
65	-32.25	6.25	8	5650,0
65	-32.25	5.75	8	5650,0
65	-31.25	4.75	8	5650,0
65	-31.25	4.25	8	5650,0
65	-33.25	2.25	8	5650,0
65	-34.75	2.25	8	5650,0
65	-35.25	2.75	8	5650,0
65	-35.75	2.75	8	5650,0
65	-36.25	2.25	8	5650,0
65	-36.75	2.25	8	5650,0
65	-41.25	6.75	8	5650,0
65	-41.25	7.25	8	5650,0
65	-40.25	8.25	8	5650,0
65	-40.25	8.75	8	5650,0
65	-40.75	9.25	8	5650,0
65	-42.25	9.25	8	5650,0
65	-43.25	8.25	8	5650,0
65	-44.25	8.25	8	5650,0
65	-44.25	7.75	8	5650,0
65	-43.75	7.25	8	5650,0
65	-43.75	6.75	8	5650,0
65	-44.25	6.75	8	5650,0
65	-44.75	7.25	8	5650,0
65	-44.75	12.75	8	5650,0
65	-42.25	15.25	8	5650,0
65	-42.25	15.75	8	5650,0
65	-42.75	16.25	8	5650,0
41	3.25	12.25	30	5600,0
41	3.25	12.75	30	5600,0
41	4.75	14.25	30	5600,0
41	5.25	14.25	30	5600,0
41	5.25	12.75	30	5600,0
41	4.25	11.75	30	5600,0
41	3.75	11.75	30	5600,0
41	3.25	12.25	30	5600,0
41	-44.75	14.25	30	5650,0
41	-44.75	14.75	30	5650,0
41	-43.25	16.25	30	5650,0
41	-42.75	16.25	30	5650,0
41	-42.25	15.75	30	5650,0
41	-42.25	15.25	30	5650,0
41	-44.25	13.25	30	5650,0
41	-44.75	13.25	30	5650,0
41	-44.75	14.25	30	5650,0
4	-40.75	18.25	12	5650,0
4	-40.75	18.75	12	5650,0
4	-33.25	26.25	12	5650,0
4	-32.75	26.25	12	5650,0
4	-32.25	25.75	12	5650,0
4	-32.25	25.25	12	5650,0
4	-39.75	17.75	12	5650,0
4	-40.25	17.75	12	5650,0
4	-40.75	18.25	12	5650,0
1	-32.75	26.25	1	5650,0
1	-32.75	26.75	1	5650,0
1	-31.75	27.75	1	5650,0
1	-31.25	27.75	1	5650,0
1	-30.75	27.25	1	5650,0
1	-30.25	27.25	1	5650,0
1	-29.25	28.25	1	5650,0
1	-28.75	28.25	1	5650,0
1	-27.25	26.75	1	5650,0
1	-27.25	26.25	1	5650,0
1	-27.75	25.75	1	5650,0
1	-27.75	25.25	1	5650,0
1	-27.25	24.75	1	5650,0
1	-25.25	24.75	1	5650,0
1	-25.25	24.25	1	5650,0
1	-25.75	23.75	1	5650,0
1	-27.25	23.75	1	5650,0
1	-28.25	24.75	1	5650,0
1	-28.75	24.75	1	5650,0
1	-28.75	21.25	1	5650,0
1	-27.75	21.25	1	5650,0
1	-20.75	14.25	1	5650,0
1	-20.75	13.75	1	5650,0
1	-21.25	13.25	1	5650,0
1	-21.75	13.25	1	5650,0
1	-23.25	14.75	1	5650,0
1	-23.75	14.75	1	5650,0
1	-24.25	14.25	1	5650,0
1	-24.25	13.75	1	5650,0
1	-22.75	12.25	1	5650,0
1	-22.75	11.75	1	5650,0
1	-23.75	10.75	1	5650,0
1	-23.75	10.25	1	5650,0
1	-23.25	9.75	1	5650,0
1	-21.75	9.75	1	5650,0
1	-21.75	10.75	1	5650,0
1	-20.75	10.75	1	5650,0
1	-20.25	11.25	1	5650,0
1	-20.25	12.25	1	5650,0
1	-19.75	12.75	1	5650,0
1	-19.25	12.75	1	5650,0
1	-17.75	11.25	1	5650,0
1	-17.75	10.75	1	5650,0
1	-18.25	10.25	1	5650,0
1	-19.25	10.25	1	5650,0
1	-19.25	9.25	1	5650,0
1	-20.25	9.25	1	5650,0
1	-24.75	4.75	1	5650,0
1	-25.25	4.75	1	5650,0
1	-26.25	5.75	1	5650,0
1	-26.25	6.75	1	5650,0
1	-31.25	11.75	1	5650,0
1	-31.25	12.75	1	5650,0
1	-31.75	12.75	1	5650,0
1	-32.25	12.25	1	5650,0
1	-32.75	12.25	1	5650,0
1	-36.75	16.25	1	5650,0
1	-36.75	17.25	1	5650,0
1	-37.75	17.25	1	5650,0
1	-38.75	18.25	1	5650,0
1	-38.75	18.75	1	5650,0
1	-32.25	25.25	1	5650,0
1	-32.25	25.75	1	5650,0
1	-32.75	26.25	1	5650,0
50	-31.25	27.75	35	5650,0
50	-31.25	28.25	35	5650,0
50	-30.25	29.25	35	5650,0
50	-28.75	29.25	35	5650,0
50	-24.25	24.75	35	5650,0
50	-24.25	23.75	35	5650,0
50	-23.25	22.75	35	5650,0
50	-22.25	22.75	35	5650,0
50	-21.75	22.25	35	5650,0
50	-21.75	21.25	35	5650,0
50	-17.75	17.25	35	5650,0
50	-17.75	16.75	35	5650,0
50	-19.25	16.75	35	5650,0
50	-25.75	23.25	35	5650,0
50	-25.75	23.75	35	5650,0
50	-25.25	24.25	35	5650,0
50	-25.25	24.75	35	5650,0
50	-27.25	24.75	35	5650,0
50	-27.75	25.25	35	5650,0
50	-27.75	25.75	35	5650,0
50	-27.25	26.25	35	5650,0
50	-27.25	26.75	35	5650,0
50	-28.75	28.25	35	5650,0
50	-29.25	28.25	35	5650,0
50	-30.25	27.25	35	5650,0
50	-30.75	27.25	35	5650,0
50	-31.25	27.75	35	5650,0
32	-5.25	1.75	25	5600,0
32	-5.25	2.25	25	5600,0
32	-3.75	3.75	25	5600,0
32	-3.25	3.75	25	5600,0
32	-1.25	1.75	25	5600,0
32	0.75	1.75	25	5600,0
32	1.25	1.25	25	5600,0
32	1.25	0.75	25	5600,0
32	-4.25	0.75	25	5600,0
32	-5.25	1.75	25	5600,0
2	-27.75	29.25	10	5650,0
2	-27.75	29.75	10	5650,0
2	-24.75	32.75	10	5650,0
2	-24.25	32.75	10	5650,0
2	-7.75	16.25	10	5650,0
2	-7.75	15.75	10	5650,0
2	-10.25	13.25	10	5650,0
2	-10.25	11.25	10	5650,0
2	-10.75	11.25	10	5650,0
2	-11.25	11.75	10	5650,0
2	-11.75	11.75	10	5650,0
2	-12.25	11.25	10	5650,0
2	-12.75	11.25	10	5650,0
2	-13.75	12.25	10	5650,0
2	-13.75	12.75	10	5650,0
2	-13.25	13.25	10	5650,0
2	-12.75	13.25	10	5650,0
2	-12.25	12.75	10	5650,0
2	-11.75	12.75	10	5650,0
2	-11.75	13.25	10	5650,0
2	-16.25	17.75	10	5650,0
2	-16.25	19.75	10	5650,0
2	-22.75	26.25	10	5650,0
2	-23.25	26.25	10	5650,0
2	-23.75	25.75	10	5650,0
2	-24.25	25.75	10	5650,0
2	-24.25	26.25	10	5650,0
2	-23.75	26.75	10	5650,0
2	-23.75	27.25	10	5650,0
2	-25.25	28.75	10	5650,0
2	-25.75	28.75	10	5650,0
2	-25.75	28.25	10	5650,0
2	-25.25	27.75	10	5650,0
2	-25.25	27.25	10	5650,0
2	-25.75	27.25	10	5650,0
2	-27.75	29.25	10	5650,0
64	-28.75	24.25	7	5650,0
64	-28.75	24.75	7	5650,0
64	-28.25	24.75	7	5650,0
64	-27.25	23.75	7	5650,0
64	-26.25	23.75	7	5650,0
64	-26.25	22.75	7	5650,0
64	-19.25	15.75	7	5650,0
64	-18.25	15.75	7	5650,0
64	-13.25	10.75	7	5650,0
64	-13.25	10.25	7	5650,0
64	-13.75	10.25	7	5650,0
64	-14.75	11.25	7	5650,0
64	-15.25	11.25	7	5650,0
64	-16.25	10.25	7	5650,0
64	-16.25	9.75	7	5650,0
64	-15.25	8.75	7	5650,0
64	-15.25	8.25	7	5650,0
64	-15.75	7.75	7	5650,0
64	-16.25	7.75	7	5650,0
64	-17.25	8.75	7	5650,0
64	-17.75	8.75	7	5650,0
64	-18.25	8.25	7	5650,0
64	-18.25	7.75	7	5650,0
64	-17.25	6.75	7	5650,0
64	-17.25	6.25	7	5650,0
64	-21.25	2.25	7	5650,0
64	-21.75	2.25	7	5650,0
64	-22.75	3.25	7	5650,0
64	-22.75	3.75	7	5650,0
64	-22.25	4.25	7	5650,0
64	-22.25	4.75	7	5650,0
64	-22.75	4.75	7	5650,0
64	-23.25	4.25	7	5650,0
64	-24.75	4.25	7	5650,0
64	-24.75	4.75	7	5650,0
64	-20.25	9.25	7	5650,0
64	-19.25	9.25	7	5650,0
64	-19.25	10.25	7	5650,0
64	-18.25	10.25	7	5650,0
64	-17.75	10.75	7	5650,0
64	-17.75	11.25	7	5650,0
64	-19.25	12.75	7	5650,0
64	-19.75	12.75	7	5650,0
64	-20.25	12.25	7	5650,0
64	-20.25	11.25	7	5650,0
64	-20.75	10.75	7	5650,0
64	-21.75	10.75	7	5650,0
64	-21.75	9.75	7	5650,0
64	-23.25	9.75	7	5650,0
64	-23.75	10.25	7	5650,0
64	-23.75	10.75	7	5650,0
64	-22.75	11.75	7	5650,0
64	-22.75	12.25	7	5650,0
64	-24.25	13.75	7	5650,0
64	-24.25	14.25	7	5650,0
64	-23.75	14.75	7	5650,0
64	-23.25	14.75	7	5650,0
64	-21.75	13.25	7	5650,0
64	-21.25	13.25	7	5650,0
64	-20.75	13.75	7	5650,0
64	-20.75	14.25	7	5650,0
64	-27.75	21.25	7	5650,0
64	-28.75	21.25	7	5650,0
64	-28.75	24.25	7	5650,0
56	1.75	0.75	4	5600,0
56	1.75	1.25	4	5600,0
56	4.75	4.25	4	5600,0
56	5.25	4.25	4	5600,0
56	5.25	0.75	4	5600,0
56	1.75	0.75	4	5600,0
56	-44.75	4.25	4	5650,0
56	-44.75	4.75	4	5650,0
56	-44.25	4.75	4	5650,0
56	-42.25	2.75	4	5650,0
56	-41.75	2.75	4	5650,0
56	-41.25	3.25	4	5650,0
56	-40.75	3.25	4	5650,0
56	-39.25	1.75	4	5650,0
56	-38.75	1.75	4	5650,0
56	-37.75	2.75	4	5650,0
56	-37.25	2.75	4	5650,0
56	-36.75	2.25	4	5650,0
56	-36.25	2.25	4	5650,0
56	-35.75	2.75	4	5650,0
56	-35.25	2.75	4	5650,0
56	-34.75	2.25	4	5650,0
56	-33.25	2.25	4	5650,0
56	-31.25	4.25	4	5650,0
56	-31.25	4.75	4	5650,0
56	-32.25	5.75	4	5650,0
56	-32.25	6.25	4	5650,0
56	-31.75	6.25	4	5650,0
56	-31.25	5.75	4	5650,0
56	-30.75	5.75	4	5650,0
56	-30.75	6.25	4	5650,0
56	-31.25	6.75	4	5650,0
56	-31.25	7.25	4	5650,0
56	-30.75	7.25	4	5650,0
56	-29.25	5.75	4	5650,0
56	-29.25	4.75	4	5650,0
56	-27.25	2.75	4	5650,0
56	-26.75	2.75	4	5650,0
56	-26.25	3.25	4	5650,0
56	-24.75	3.25	4	5650,0
56	-23.75	2.25	4	5650,0
56	-22.75	2.25	4	5650,0
56	-22.25	1.75	4	5650,0
56	-21.75	1.75	4	5650,0
56	-21.25	2.25	4	5650,0
56	-19.75	2.25	4	5650,0
56	-19.25	1.75	4	5650,0
56	-19.25	1.25	4	5650,0
56	-19.75	0.75	4	5650,0
56	-23.25	0.75	4	5650,0
56	-24.25	1.75	4	5650,0
56	-24.75	1.75	4	5650,0
56	-25.25	1.25	4	5650,0
56	-26.25	1.25	4	5650,0
56	-27.25	0.25	4	5650,0
56	-27.75	0.25	4	5650,0
56	-29.75	2.25	4	5650,0
56	-30.25	2.25	4	5650,0
56	-31.75	0.75	4	5650,0
56	-32.25	0.75	4	5650,0
56	-32.75	1.25	4	5650,0
56	-33.25	1.25	4	5650,0
56	-33.75	0.75	4	5650,0
56	-40.25	0.75	4	5650,0
56	-41.25	1.75	4	5650,0
56	-41.75	1.75	4	5650,0
56	-43.25	0.25	4	5650,0
56	-43.75	0.25	4	5650,0
56	-44.75	1.25	4	5650,0
56	-44.75	4.25	4	5650,0
23	-35.75	13.25	21	5650,0
23	-35.75	13.75	21	5650,0
23	-35.25	14.25	21	5650,0
23	-34.75	14.25	21	5650,0
23	-32.75	12.25	21	5650,0
23	-32.25	12.25	21	5650,0
23	-31.75	12.75	21	5650,0
23	-31.25	12.75	21	5650,0
23	-31.25	11.75	21	5650,0
23	-27.75	8.25	21	5650,0
23	-27.75	7.75	21	5650,0
23	-28.25	7.75	21	5650,0
23	-29.25	8.75	21	5650,0
23	-29.75	8.75	21	5650,0
23	-30.25	8.25	21	5650,0
23	-31.75	8.25	21	5650,0
23	-35.75	12.25	21	5650,0
23	-35.75	13.25	21	5650,0
42	-26.25	22.75	31	5650,0
42	-26.25	23.25	31	5650,0
42	-25.75	23.25	31	5650,0
42	-19.25	16.75	31	5650,0
42	-17.75	16.75	31	5650,0
42	-17.25	17.25	31	5650,0
42	-16.75	17.25	31	5650,0
42	-13.25	13.75	31	5650,0
42	-13.25	13.25	31	5650,0
42	-13.75	12.75	31	5650,0
42	-13.75	12.25	31	5650,0
42	-12.75	11.25	31	5650,0
42	-12.25	11.25	31	5650,0
42	-11.75	11.75	31	5650,0
42	-11.25	11.75	31	5650,0
42	-10.75	11.25	31	5650,0
42	-10.25	11.25	31	5650,0
42	-10.25	13.25	31	5650,0
42	-7.75	15.75	31	5650,0
42	-7.25	15.75	31	5650,0
42	4.75	3.75	31	5650,0
42	4.75	3.25	31	5650,0
42	4.25	3.25	31	5650,0
42	-7.25	14.75	31	5650,0
42	-7.75	14.75	31	5650,0
42	-8.25	14.25	31	5650,0
42	-8.25	12.25	31	5650,0
42	-9.25	11.25	31	5650,0
42	-9.25	10.75	31	5650,0
42	-2.75	4.25	31	5650,0
42	-2.25	4.25	31	5650,0
42	-1.75	4.75	31	5650,0
42	-1.25	4.75	31	5650,0
42	-0.25	3.75	31	5650,0
42	-0.25	3.25	31	5650,0
42	-1.25	2.25	31	5650,0
42	-1.75	2.25	31	5650,0
42	-9.75	10.25	31	5650,0
42	-10.75	10.25	31	5650,0
42	-11.25	10.75	31	5650,0
42	-11.75	10.75	31	5650,0
42	-12.25	10.25	31	5650,0
42	-12.75	10.25	31	5650,0
42	-18.25	15.75	31	5650,0
42	-19.25	15.75	31	5650,0
42	-26.25	22.75	31	5650,0
42	-45.25	2.75	31	5700,0
42	-45.25	3.25	31	5700,0
42	-44.75	3.25	31	5700,0
42	-44.25	2.75	31	5700,0
42	-44.25	2.25	31	5700,0
42	-44.75	2.25	31	5700,0
42	-45.25	2.75	31	5700,0
35	-43.25	-0.25	28	5650,0
35	-43.25	0.25	28	5650,0
35	-41.75	1.75	28	5650,0
35	-41.25	1.75	28	5650,0
35	-40.25	0.75	28	5650,0
35	-33.75	0.75	28	5650,0
35	-33.25	1.25	28	5650,0
35	-32.75	1.25	28	5650,0
35	-32.25	0.75	28	5650,0
35	-31.75	0.75	28	5650,0
35	-30.25	2.25	28	5650,0
35	-29.75	2.25	28	5650,0
35	-27.75	0.25	28	5650,0
35	-27.75	-0.25	28	5650,0
35	-43.25	-0.25	28	5650,0
12	-27.25	-0.25	19	5650,0
12	-27.25	0.25	19	5650,0
12	-26.25	1.25	19	5650,0
12	-25.25	1.25	19	5650,0
12	-24.75	1.75	19	5650,0
12	-24.25	1.75	19	5650,0
12	-23.25	0.75	19	5650,0
12	-19.75	0.75	19	5650,0
12	-19.25	1.25	19	5650,0
12	-18.75	1.25	19	5650,0
12	-18.25	0.75	19	5650,0
12	-17.25	0.75	19	5650,0
12	-16.75	0.25	19	5650,0
12	-16.75	-0.25	19	5650,0
12	-27.25	-0.25	19	5650,0
11	-18.25	7.75	18	5650,0
11	-18.25	8.25	18	5650,0
11	-17.75	8.75	18	5650,0
11	-17.25	8.75	18	5650,0
11	-16.25	7.75	18	5650,0
11	-15.75	7.75	18	5650,0
11	-15.25	8.25	18	5650,0
11	-15.25	8.75	18	5650,0
11	-16.25	9.75	18	5650,0
11	-16.25	10.25	18	5650,0
11	-15.25	11.25	18	5650,0
11	-14.75	11.25	18	5650,0
11	-13.75	10.25	18	5650,0
11	-12.75	10.25	18	5650,0
11	-11.25	8.75	18	5650,0
11	-11.25	8.25	18	5650,0
11	-12.25	8.25	18	5650,0
11	-13.25	7.25	18	5650,0
11	-13.25	6.75	18	5650,0
11	-10.75	4.25	18	5650,0
11	-10.25	4.25	18	5650,0
11	-9.25	5.25	18	5650,0
11	-9.25	5.75	18	5650,0
11	-9.75	6.25	18	5650,0
11	-9.75	6.75	18	5650,0
11	-9.25	6.75	18	5650,0
11	-8.25	5.75	18	5650,0
11	-7.75	5.75	18	5650,0
11	-7.25	6.25	18	5650,0
11	-6.75	6.25	18	5650,0
11	-6.75	5.25	18	5650,0
11	-5.75	5.25	18	5650,0
11	-5.75	4.25	18	5650,0
11	-5.25	3.75	18	5650,0
11	-4.25	3.75	18	5650,0
11	-3.75	3.25	18	5650,0
11	-3.75	2.25	18	5650,0
11	-2.75	1.25	18	5650,0
11	-2.75	0.75	18	5650,0
11	-3.25	0.75	18	5650,0
11	-4.25	1.75	18	5650,0
11	-4.75	1.75	18	5650,0
11	-5.75	0.75	18	5650,0
11	-6.25	0.75	18	5650,0
11	-6.75	1.25	18	5650,0
11	-6.75	1.75	18	5650,0
11	-6.25	2.25	18	5650,0
11	-6.25	2.75	18	5650,0
11	-7.75	2.75	18	5650,0
11	-8.25	2.25	18	5650,0
11	-8.75	2.25	18	5650,0
11	-9.75	3.25	18	5650,0
11	-10.25	3.25	18	5650,0
11	-10.75	2.75	18	5650,0
11	-11.75	2.75	18	5650,0
11	-12.25	2.25	18	5650,0
11	-12.75	2.25	18	5650,0
11	-15.25	4.75	18	5650,0
11	-16.75	4.75	18	5650,0
11	-17.25	4.25	18	5650,0
11	-17.25	3.25	18	5650,0
11	-18.75	1.75	18	5650,0
11	-19.25	1.75	18	5650,0
11	-19.75	2.25	18	5650,0
11	-20.75	2.25	18	5650,0
11	-20.75	2.75	18	5650,0
11	-17.25	6.25	18	5650,0
11	-17.25	6.75	18	5650,0
11	-18.25	7.75	18	5650,0
52	-12.25	9.75	37	5650,0
52	-12.25	10.25	37	5650,0
52	-11.75	10.75	37	5650,0
52	-11.25	10.75	37	5650,0
52	-10.75	10.25	37	5650,0
52	-9.75	10.25	37	5650,0
52	-1.75	2.25	37	5650,0
52	-1.75	1.75	37	5650,0
52	-2.25	1.25	37	5650,0
52	-2.75	1.25	37	5650,0
52	-3.75	2.25	37	5650,0
52	-3.75	3.25	37	5650,0
52	-4.25	3.75	37	5650,0
52	-5.25	3.75	37	5650,0
52	-5.75	4.25	37	5650,0
52	-5.75	5.25	37	5650,0
52	-6.75	5.25	37	5650,0
52	-6.75	6.25	37	5650,0
52	-7.25	6.25	37	5650,0
52	-7.75	5.75	37	5650,0
52	-8.25	5.75	37	5650,0
52	-9.25	6.75	37	5650,0
52	-9.75	6.75	37	5650,0
52	-9.75	6.25	37	5650,0
52	-9.25	5.75	37	5650,0
52	-9.25	5.25	37	5650,0
52	-10.25	4.25	37	5650,0
52	-10.75	4.25	37	5650,0
52	-13.25	6.75	37	5650,0
52	-13.25	7.25	37	5650,0
52	-12.25	8.25	37	5650,0
52	-11.25	8.25	37	5650,0
52	-11.25	8.75	37	5650,0
52	-12.25	9.75	37	5650,0
49	-8.25	13.75	34	5650,0
49	-8.25	14.25	34	5650,0
49	-7.75	14.75	34	5650,0
49	-7.25	14.75	34	5650,0
49	1.75	5.75	34	5650,0
49	1.75	5.25	34	5650,0
49	0.25	3.75	34	5650,0
49	-0.25	3.75	34	5650,0
49	-1.25	4.75	34	5650,0
49	-1.75	4.75	34	5650,0
49	-2.25	4.25	34	5650,0
49	-2.75	4.25	34	5650,0
49	-9.25	10.75	34	5650,0
49	-9.25	11.25	34	5650,0
49	-8.25	12.25	34	5650,0
49	-8.25	13.75	34	5650,0
7	-17.25	3.75	14	5650,0
7	-17.25	4.25	14	5650,0
7	-16.75	4.75	14	5650,0
7	-15.25	4.75	14	5650,0
7	-12.75	2.25	14	5650,0
7	-12.25	2.25	14	5650,0
7	-11.75	2.75	14	5650,0
7	-10.75	2.75	14	5650,0
7	-10.25	3.25	14	5650,0
7	-9.75	3.25	14	5650,0
7	-8.75	2.25	14	5650,0
7	-8.25	2.25	14	5650,0
7	-7.75	2.75	14	5650,0
7	-6.25	2.75	14	5650,0
7	-6.25	2.25	14	5650,0
7	-6.75	1.75	14	5650,0
7	-6.75	1.25	14	5650,0
7	-6.25	0.75	14	5650,0
7	-6.25	0.25	14	5650,0
7	-6.75	0.25	14	5650,0
7	-7.25	0.75	14	5650,0
7	-7.75	0.75	14	5650,0
7	-8.25	0.25	14	5650,0
7	-8.75	0.25	14	5650,0
7	-9.25	0.75	14	5650,0
7	-11.25	0.75	14	5650,0
7	-11.75	1.25	14	5650,0
7	-12.25	1.25	14	5650,0
7	-13.25	0.25	14	5650,0
7	-13.75	0.25	14	5650,0
7	-14.75	1.25	14	5650,0
7	-15.25	1.25	14	5650,0
7	-16.25	0.25	14	5650,0
7	-16.75	0.25	14	5650,0
7	-17.25	0.75	14	5650,0
7	-18.25	0.75	14	5650,0
7	-18.75	1.25	14	5650,0
7	-18.75	1.75	14	5650,0
7	-17.25	3.25	14	5650,0
7	-17.25	3.75	14	5650,0
26	-16.25	-0.25	23	5650,0
26	-16.25	0.25	23	5650,0
26	-15.25	1.25	23	5650,0
26	-14.75	1.25	23	5650,0
26	-13.75	0.25	23	5650,0
26	-13.75	-0.25	23	5650,0
26	-16.25	-0.25	23	5650,0
59	-13.25	-0.25	42	5650,0
59	-13.25	0.25	42	5650,0
59	-12.25	1.25	42	5650,0
59	-11.75	1.25	42	5650,0
59	-11.25	0.75	42	5650,0
59	-9.25	0.75	42	5650,0
59	-8.75	0.25	42	5650,0
59	-8.75	-0.25	42	5650,0
59	-13.25	-0.25	42	5650,0
57	-8.25	-0.25	40	5650,0
57	-8.25	0.25	40	5650,0
57	-7.75	0.75	40	5650,0
57	-7.25	0.75	40	5650,0
57	-6.75	0.25	40	5650,0
57	-6.75	-0.25	40	5650,0
57	-8.25	-0.25	40	5650,0
3	-6.25	-0.25	11	5650,0
3	-6.25	0.25	11	5650,0
3	-4.75	1.75	11	5650,0
3	-4.25	1.75	11	5650,0
3	-3.25	0.75	11	5650,0
3	0.25	0.75	11	5650,0
3	0.75	1.25	11	5650,0
3	1.25	1.25	11	5650,0
3	1.75	0.75	11	5650,0
3	4.75	0.75	11	5650,0
3	4.75	0.25	11	5650,0
3	4.25	-0.25	11	5650,0
3	-6.25	-0.25	11	5650,0
3	-45.25	-0.25	11	5700,0
3	-45.25	0.25	11	5700,0
3	-44.75	0.75	11	5700,0
3	-42.25	0.75	11	5700,0
3	-41.75	0.25	11	5700,0
3	-41.75	-0.25	11	5700,0
3	-45.25	-0.25	11	5700,0
9	-2.25	0.75	16	5650,0
9	-2.25	1.25	16	5650,0
9	1.75	5.25	16	5650,0
9	2.25	5.25	16	5650,0
9	4.75	2.75	16	5650,0
9	4.75	1.25	16	5650,0
9	4.25	0.75	16	5650,0
9	1.75	0.75	16	5650,0
9	1.25	1.25	16	5650,0
9	0.75	1.25	16	5650,0
9	0.25	0.75	16	5650,0
9	-2.25	0.75	16	5650,0
9	-45.25	1.75	16	5700,0
9	-45.25	2.25	16	5700,0
9	-43.75	2.25	16	5700,0
9	-42.75	1.25	16	5700,0
9	-42.75	0.75	16	5700,0
9	-45.25	0.75	16	5700,0
9	-45.25	1.75	16	5700,0
