x	y	clickSelects
0.044466542403625	0.706831922748169	15
0.088933717657475	0.0862657757069114	5
0.016528461504917	0.225661430137372	5
0.075585940702604	0.134752597897009	5
0.040569961935716	0.174943889399813	5
-0.085961030946894	0.316963687848167	5
-0.079075869076397	0.163827687137862	5
0.039324507499124	0.143954377342365	32
-0.093522064326034	0.47128450395639	39
-0.069246058872205	0.0720949325789598	2
-0.068841972106476	0.0719881452666402	2
-0.06965044804965	0.0721655910561063	2
0.095392498570606	0.0530911721387754	5
0.089333125302239	0.0860296325914248	32
-0.068841972106476	0.0719881452666402	2
0.096189570487149	0.0528175437283982	32
0.107450301318641	0.347596156608194	22
-0.106821626643909	0.310088667445386	39
-0.011356741511791	0.174894623499771	5
0.08992917997345	0.0857040493828155	5
-0.00181564112809002	0.105877828453943	5
-0.069246058872205	0.0720949325789598	2
-0.069246058872205	0.0720949325789598	2
-0.054169453932812	1.05958317391782	13
0.119582657033257	0.289146757375406	26
-0.068724164788244	0.0719630894166786	2
0.08787174395673	0.100119122671394	5
-0.00128026162829398	0.105630628943021	5
-0.035530499577933	0.16765133718432	2
0.096103674032447	0.0528461430071784	2
0.01020957730162	0.215375634894479	2
-0.069246058872205	0.0720949325789598	2
0.09530695644111	0.0531196599488497	2
-0.069246058872205	0.0720949325789598	2
0.010481149436608	0.215046030156534	41
0.080690673734949	0.118001462291142	5
-0.121785488761171	0.211905476882453	5
-0.00181563987244898	0.105886345494448	2
0.089980043566315	0.0856698114131907	3
0.087798245269669	0.100150722437068	3
0.096103674032447	0.0528461430071784	2
-0.002998954510119	0.189751124736007	41
-0.06965044804965	0.0721655910561063	2
-0.069533143953765	0.0721406414098516	2
-0.069246058872205	0.0720949325789598	2
-0.068724164788244	0.0719630894166786	2
-0.069246058872205	0.0720949325789598	2
-0.068724164788244	0.0719630894166786	2
0.000563234382798011	0.996059668938812	36
0.032686845767525	0.130988332258722	3
0.097154727379326	0.140563653141483	3
0.015702861552649	0.121329693514811	3
-0.12183865680541	0.211950160968106	2
0.108293098432997	0.110879788102273	32
-0.015683039791486	0.255143704360879	32
-0.024736451874332	0.298340409161403	32
0.047082422685083	0.618587083330597	36
0.031534482595382	0.487401413100752	36
-0.049483941227069	0.285301191091875	3
-0.047345847685852	0.282761904617731	3
0.109263782350696	0.110017367524536	3
0.039863051038018	0.175624461979459	3
0.0765038950244	0.209469701153919	3
0.075212789462675	0.211380861924811	3
-0.036249208855478	0.233384105781516	3
0.074272465591195	0.274832081033771	3
0.082566578863768	0.116487984436019	3
-0.101479591574921	0.399406650344475	3
-0.058922515536352	0.584634497352021	33
0.039663185184309	0.175826515659148	32
0.089580833411745	0.0859060144800915	32
0.093595223132006	0.0696410505789597	32
-0.069246058872205	0.0720949325789598	2
0.111601203891606	0.340843911480453	29
-0.057392051789007	0.777461913715955	29
0.037310652287481	0.345498395582363	17
0.108425285190463	0.207325151246994	17
0.062934281012621	0.319533286802997	17
-0.108680285231833	1.02581543445343	17
-0.003482202920922	0.511884917070489	3
0.076075078159707	0.134288667581323	3
0.097172772515959	0.14056000054391	3
0.073237183003468	0.233083198471629	3
0.114246579459948	0.185274661566431	3
0.072548148121288	0.417959250307484	33
0.038966480111126	0.144235497204233	32
0.107585207014269	0.111499495926636	32
-0.039035255753832	0.913699072608406	29
-0.00896836931904799	0.818842864776085	29
0.014865864174383	0.659020940715874	29
0.019766627305079	0.698146486046259	29
0.073403573446688	0.452145268523595	29
0.117842312499637	0.363199317575824	17
0.074272465591195	0.274832081033771	3
-0.024965947929705	0.298684762344517	3
0.075246843172458	0.211307408778667	3
-0.015776229372642	0.255219949824785	3
0.117497024566664	0.272064277838844	33
0.116503081554353	0.094747390118783	32
-0.012442336594347	0.175787520462337	32
0.089878196255997	0.085732760613543	32
0.062463641822118	0.373740458778292	29
0.040591706886409	0.359661767164536	29
-0.090514387395297	0.751102565679554	29
-0.089791989361916	0.503228624144223	17
0.033736691217806	0.412263578185364	17
0.075195635963052	0.135093254171017	3
0.088584444240081	0.0864573196669105	32
-0.00181563987244898	0.105886345494448	32
0.034445159267348	0.129786527896439	3
-0.00181564112809002	0.105877828453943	3
0.09470605092126	0.0691213001188084	3
-0.002351743520837	0.106125827736745	3
-0.00181563987244898	0.105886345494448	3
-0.00235088308224402	0.106121893116111	3
0.09570540963455	0.0529852393567195	24
-0.068841972106476	0.0719881452666402	24
-0.069246058872205	0.0720949325789598	24
0.01575480982204	0.121301448587863	24
-0.06965044804965	0.0721655910561063	24
0.124800742198845	0.318927984907381	30
-0.014787446396721	0.818159661365532	30
0.0715053020656	0.34650567465847	30
0.117179443304146	0.558744138176679	8
-0.00350719975439601	0.935198712426471	8
-0.00910459393139101	0.396452725760913	12
0.090035223402526	0.202306148358089	12
-0.00854693943915802	0.572509493580029	12
0.048852265906126	0.306079151940205	12
-0.082113484248314	0.713519484397516	35
0.03079611071121	0.753144000011207	8
-0.061029797763822	0.849379589880871	12
0.042147883271995	0.356233729791806	12
0.083602993911039	0.275349232671247	12
-0.103227361055986	0.504235255889742	12
0.047580419634567	0.318553834521933	12
0.083061898638699	0.411238802300505	1
0.07805044013695	0.439156741369481	1
0.12333207698053	0.62678985612569	8
0.048071869993504	0.871200599566409	8
-0.010393584479091	1.03485668508416	1
0.087491637958963	0.578553125097223	1
0.024215763654718	0.453165638099976	1
-0.063603160352419	0.515171888052671	10
0.08691118600252	0.231243626353109	10
0.110232095724879	0.539694488934394	8
-0.062953735860475	1.53969074725843	8
0.057509755383539	0.599936177850116	1
-0.103883611635224	1.33753568354075	1
-0.06007682317695	1.21557922318049	1
-0.120429719796923	1.68173763070114	1
-0.023596012403535	0.648480374877187	1
0.026142560282065	0.294468246957106	10
-0.086675829126725	0.60517795483953	10
0.074559478685599	0.722394417090317	8
0.014288123860714	1.07691437517237	8
0.02390539225899	1.41267631805088	8
0.000748016921059996	1.09808487388289	8
0.055145462174666	0.871942007476227	8
-0.07735494928748	1.30995894934827	1
0.075960545167838	0.532277003236749	1
-0.045115026635733	0.776839167031527	1
0.010265553945997	0.215300267063244	32
0.074828723638277	0.211929690551027	10
0.087803572963797	0.748698527558889	8
-0.043666204297943	1.77125769117277	8
0.018193596323681	0.686745749666293	1
0.026487384842743	0.802383444809106	1
0.015446471731418	0.393215981283414	35
0.115934020246621	0.17641141600596	10
0.079892008600862	0.907460437550445	8
0.101450286931861	0.770549098381276	8
0.035134788511798	0.636332491531342	1
0.035315511301643	0.595451555818645	1
-0.073066774905901	1.10837033361656	1
0.077989523483018	0.572042749977555	1
-0.092560913318948	1.69707936349399	7
-0.054257910552286	1.02384486038448	1
-0.109719992052041	0.886299937077322	35
0.111155321871769	0.656211174167188	8
-0.059444275903995	0.890723194299837	1
0.059586433282627	0.556265157802701	1
-0.014775711976106	0.760289031059375	1
-0.110816164872033	1.26113282037587	1
-0.079321446884257	0.505681035751011	35
0.016898516384083	0.22523808999177	32
0.087182573393469	0.904140740883817	9
0.109831510718817	0.676508569205551	8
0.041748860759708	0.59329699045479	1
0.100566016157251	0.42901457928177	1
-0.09061008805938	1.37862168707189	1
-0.00511403544072298	1.1545779688714	7
-0.066609901406925	0.693916635685393	35
-0.037323282657755	0.234409099190005	32
-0.099662947972797	0.537428254188898	10
-0.090524622541643	0.57911591301626	10
0.081907040521332	0.746105867419679	8
0.005678418244254	0.373760477371198	10
0.054987114747966	0.584883840549015	1
-0.076145740050756	0.912126849407651	1
0.115569514838912	0.26376964471944	1
0.113784701433017	0.309541613600744	1
-0.102735460446932	1.89110606360351	7
0.069125627971914	0.374906912449478	1
0.121549836728805	0.445587174636989	7
-0.083542128769378	0.399828138092122	10
-0.037410110262521	1.71351500482341	8
0.009078514780785	1.14195301250112	8
-0.01716207747265	0.709459861933163	1
0.041054764817825	0.41768674774741	1
0.063213881596006	0.72452954206509	7
-0.010833090073353	0.399881845631146	35
0.018460370896354	0.223338086707861	10
-0.017853168265158	1.03869905439554	21
0.058480035331309	0.355214963968005	1
0.11990432585917	0.237490409369618	1
0.120227223305016	0.265276317163631	1
0.098535621982783	0.546579191620045	7
0.075377521830081	0.211123693469912	35
-0.106911651339642	0.258039631891479	32
0.040786888386422	0.264121430684916	10
0.098169571667423	0.325829056618526	1
-0.058718339561112	0.81486787570786	1
-0.02386669974852	0.76753683112071	1
-0.070910330204561	1.05713504563872	31
0.086414538313778	0.352893130730206	1
0.035207316366688	0.550547023470523	1
-0.013930761197379	1.19078502558151	7
0.063941593446681	0.308678529340564	35
-0.020420342736737	0.340850816956007	35
-0.015354330447804	0.349993154198709	10
0.020777186403867	0.289566456206605	10
0.079094516850315	0.385812347547349	1
0.000359348018668992	0.609868476032619	1
0.053575043896195	0.482998725890476	1
0.052669454113055	0.753986573067203	7
0.023679841683313	0.886853706935249	7
0.039399637453211	0.160357437335992	32
0.115540082006329	0.140557133224126	10
-0.106068719268149	0.257323380703268	10
0.120824077481848	0.568421351031157	8
0.076814708147069	0.491281825956432	21
0.086918038578054	0.336797705566251	1
0.055557295169273	0.781221052444084	7
0.021772709320907	0.288025473086202	10
0.121750450609052	0.541014600187189	8
0.062122666590821	0.451345483233215	1
0.06427019630354	0.484199099325745	1
-0.025033100430293	1.02491802322411	1
0.050042533639425	0.483475447716832	1
0.116758193118631	0.432306688190658	7
0.049898425550429	0.763346351484232	7
-0.082940814863375	1.51284447654405	7
-0.082133796754952	0.437004119585503	35
0.097641051053392	0.140064759234895	32
0.10489550195488	0.324140503776239	1
0.078026633003072	0.458905966612523	1
0.112876113015165	0.238276267748321	1
0.099223453399887	0.369109399206592	1
0.040150415065921	0.634290422198868	1
0.064979240203073	0.393467005531777	1
0.06290221304647	0.726422382774655	7
-0.045218658425021	0.372262195797366	10
0.093669516765623	0.153851546237948	10
-0.061251572637185	0.833648480129191	1
-0.024265876217074	0.556600307375455	1
0.10385154779488	0.260703066182934	1
-0.07328476729388	1.06901079502248	1
0.058392999996436	0.518368731497291	1
-0.056431022663458	0.368461499193481	10
0.108475713479892	0.653108952213983	8
0.007257036297459	0.591561096312681	1
0.097632511243512	0.347540663865603	1
0.079390878792775	0.405804338735197	1
-0.120710251654979	1.52492394511054	1
0.017221543427398	0.731809433247991	31
0.118774993192296	0.0929909435792356	32
-0.018500517543218	0.382248285006355	10
0.016011174853173	0.503635884530807	1
0.06973203172433	0.423868522706541	1
0.025260492033335	0.808548420902556	7
0.073115338195375	0.724643050308011	7
0.038941353149093	0.144258391291416	32
-0.086178283393641	0.317220422826312	10
-0.010544669276098	0.736790656934553	1
0.052966039044842	0.439489061531264	1
0.105592211191985	0.340296065150626	1
0.010244556333717	0.773250860474714	1
0.014916998580817	0.893938641253391	7
0.040547582989572	0.74710391577747	7
0.071639590369028	0.442872446788071	1
0.06480544456102	0.830145371802456	7
-0.061057534938401	1.59709027232296	8
-0.026495762983502	0.903545867326232	1
-0.057966245115471	1.39851270627344	7
-0.123852299836498	1.45333319208284	1
-0.07746195828134	1.25458721152543	1
0.086805643496181	0.733794603410825	7
-0.054809119889174	0.365872854525861	32
0.048953779706081	0.208169738293502	10
-0.069710403913666	0.402394530855946	10
0.096843164629277	0.462777879515437	1
0.115234728314351	0.489083273965803	7
0.111256873771713	0.497228640310145	7
0.118745328653521	0.471872918570052	7
0.003758460101698	0.268080436127616	32
-0.00282720395787001	0.36060355196315	10
0.120559295421119	0.247436468713791	10
0.123056071915028	0.721465807120793	8
0.12310485625649	0.334678067188178	1
0.069756546079182	0.594766095612186	1
0.039727233221802	0.691182000806459	1
0.033377668365071	0.802621865983894	7
0.067325810475219	0.734532007962418	7
0.072046421124145	0.377253883963367	31
0.058415501874951	0.262709009615386	10
0.110986069846135	0.228859840535413	10
-0.019595763472133	0.927028179620208	1
0.077343534838667	0.513198606453165	1
0.12124788787684	0.40291084218038	1
-0.091138432749273	1.52597870037571	1
-0.096017439109406	0.434818156601119	10
-0.039609358234273	0.4888148735161	10
0.082804999314303	0.597380499337588	1
0.024962309641329	0.810179637806547	1
-0.015954413748249	0.885500246359874	1
-0.113720614956986	0.434798882650432	10
0.00500859831955	0.836661339614544	1
0.113365914439336	0.316811350221025	1
0.065717686411612	0.534842772598164	1
0.110412935149054	0.372730124578294	1
0.070074202147756	0.482014081317315	1
-0.068307612683674	1.13815326557954	1
0.092072383353133	0.470989525294023	1
0.04172478038052	0.425235562352502	31
0.041374319704169	0.189098086005631	10
-0.065547648613737	1.28627032011749	1
-0.063628751337131	0.275966282155256	32
-0.010043939032027	0.398348419676445	10
-0.091238939704505	0.651327330646521	10
0.045744672642181	0.555277901217681	31
-0.02589071241473	0.378070442164956	10
0.070205162935647	0.77544338107519	7
0.092751781133875	0.545031823983565	7
-0.041507056065123	0.835223398194036	31
0.030339690608276	0.312751331152649	10
-0.047570211724541	0.650896857204277	10
0.066511320714687	0.347960833875898	10
0.086411157418674	0.808835898511875	18
-0.074128790441052	0.212322960943348	32
0.016019326702047	0.282385487475474	10
0.107255704410816	0.215616020773218	10
0.074344412738054	0.27468301760734	10
0.07732985148216	0.961182628610884	18
0.05479696100008	0.225058518972564	10
0.075981034443581	0.219621659203735	10
-0.012877766198696	0.176110219147357	10
0.097099893815799	0.84394074030062	18
0.033331919417702	0.486193947441787	31
0.072857482868993	0.269092825287169	31
0.04024662574529	0.47846417413669	31
0.104206324047825	0.392328562152361	34
0.096444881592925	0.77772317434864	18
-0.00341877055465101	1.09644280345446	37
0.005225109944411	0.768081726618421	34
0.11366548113085	0.543234821550468	37
0.066131792332862	0.348850630278011	31
0.023399667791993	0.846568214098338	34
-0.030474436679229	0.89793115628158	34
0.061966999208908	0.692410596986547	37
-0.028332651921979	0.81851993917964	34
0.098240425569141	0.383888658416734	34
0.002254142408121	0.652702721751605	34
0.121750724745709	0.390002750263192	37
0.059112899304211	0.830454673710843	37
0.055235419672982	0.397123801827089	31
0.062557807445967	0.544537780054382	34
-0.012366667499594	1.41479350967303	37
0.123072619490608	0.446411883035482	37
0.031749894532566	0.597100599809092	34
0.02457790143838	0.681504814730457	34
0.075295957015753	0.933535797888749	18
0.053322998363635	0.66018206640686	37
0.105661966070549	0.256710818365673	31
0.070398474998329	0.501550755541351	34
-0.07022264209014	0.474717925889432	31
0.086676206981641	0.580183428219005	18
0.066110784417152	0.931716269802856	18
0.111919179599423	0.295560109892739	31
0.00482688298869599	1.05845601810864	34
-0.036303406700994	2.00301345529966	18
0.052968012225629	0.35547639829417	31
0.055634990522162	0.423891831554146	31
0.013192709568149	0.895386748185721	34
-0.0258169630576	1.08692834958369	34
0.068160898745696	0.370087904619093	31
0.120022140203251	0.485228026552024	37
-0.024268343368589	1.12122357025601	34
0.08388860758179	0.565503079813567	34
0.063795302740973	0.326157413211785	31
-0.044092755688678	0.656431152856227	31
-0.00778895250362999	0.938776689478991	34
-0.104124636888131	0.67620802902713	31
0.099609188289048	0.41089308449798	34
-0.042102961170138	1.10534261528941	34
0.120828117481856	0.29874029425095	31
-0.05642130006439	0.806364582048861	31
0.076351054844232	0.569626373406744	34
0.084817563259915	0.265503337456304	31
-0.036750777272371	1.12437023757494	37
0.021191048677595	0.629243471192413	34
0.113468797550231	0.425289167525999	34
0.098139452561249	0.575308586947322	16
0.094512663047663	0.734419649502955	16
-0.11893821431769	1.07189915443374	31
0.080504877588569	0.759770756412557	16
0.124875082107779	0.479102932732083	16
